cod	GEN	dur	est	t	luz
04	WT	165	1	0	OSCURIDAD
04	WT	80	0	165	OSCURIDAD
04	WT	60	1	245	OSCURIDAD
04	WT	355	0	305	OSCURIDAD
04	WT	335	1	660	OSCURIDAD
04	WT	825	0	995	OSCURIDAD
04	WT	70	1	1820	OSCURIDAD
04	WT	1830	0	1890	OSCURIDAD
04	WT	40	1	3720	OSCURIDAD
04	WT	2060	0	3760	OSCURIDAD
04	WT	840	1	5820	OSCURIDAD
04	WT	120	2	6660	OSCURIDAD
04	WT	160	0	6780	OSCURIDAD
04	WT	135	1	6940	OSCURIDAD
04	WT	360	0	7075	OSCURIDAD
04	WT	360	1	7435	OSCURIDAD
04	WT	40	0	7795	OSCURIDAD
04	WT	225	1	7835	OSCURIDAD
04	WT	465	0	8060	OSCURIDAD
04	WT	75	1	8525	OSCURIDAD
04	WT	160	0	8600	OSCURIDAD
04	WT	450	1	8760	OSCURIDAD
04	WT	1185	0	9210	OSCURIDAD
04	WT	715	1	10395	OSCURIDAD
04	WT	40	0	11110	OSCURIDAD
04	WT	50	2	11150	OSCURIDAD
04	WT	385	0	11200	OSCURIDAD
04	WT	100	1	11585	OSCURIDAD
04	WT	3115	0	11685	OSCURIDAD
04	WT	35	1	14800	OSCURIDAD
04	WT	200	0	14835	OSCURIDAD
04	WT	110	1	15035	OSCURIDAD
04	WT	175	0	15145	OSCURIDAD
04	WT	65	2	15320	OSCURIDAD
04	WT	165	1	15385	OSCURIDAD
04	WT	55	2	15550	OSCURIDAD
04	WT	165	1	15605	OSCURIDAD
04	WT	50	0	15770	OSCURIDAD
04	WT	5	1	15820	OSCURIDAD
04	WT	150	2	15825	OSCURIDAD
04	WT	335	1	15975	OSCURIDAD
04	WT	60	0	16310	OSCURIDAD
04	WT	50	1	16370	OSCURIDAD
04	WT	35	0	16420	OSCURIDAD
04	WT	30	1	16455	OSCURIDAD
04	WT	45	0	16485	OSCURIDAD
04	WT	115	2	16530	OSCURIDAD
04	WT	75	1	16645	OSCURIDAD
04	WT	20	0	16720	OSCURIDAD
04	WT	5	1	16740	OSCURIDAD
04	WT	70	0	16745	OSCURIDAD
04	WT	60	1	16815	OSCURIDAD
04	WT	55	0	16875	OSCURIDAD
04	WT	135	1	16930	OSCURIDAD
04	WT	55	0	17065	OSCURIDAD
04	WT	250	1	17120	OSCURIDAD
04	WT	55	0	17370	OSCURIDAD
04	WT	5	1	17425	OSCURIDAD
04	WT	105	2	17430	OSCURIDAD
04	WT	5	1	17535	OSCURIDAD
04	WT	50	0	17540	OSCURIDAD
04	WT	40	1	17590	OSCURIDAD
04	WT	155	0	17630	OSCURIDAD
04	WT	30	1	17785	OSCURIDAD
04	WT	35	0	17815	OSCURIDAD
04	WT	90	1	17850	OSCURIDAD
04	WT	45	0	17940	OSCURIDAD
04	WT	10	1	17985	OSCURIDAD
04	WT	100	2	17995	OSCURIDAD
04	WT	105	1	18095	OSCURIDAD
04	WT	35	0	18200	OSCURIDAD
04	WT	340	1	18235	OSCURIDAD
04	WT	85	2	18575	OSCURIDAD
04	WT	215	1	18660	OSCURIDAD
04	WT	210	0	18875	OSCURIDAD
04	WT	35	1	19085	OSCURIDAD
04	WT	5555	0	19120	OSCURIDAD
04	WT	50	1	24675	OSCURIDAD
04	WT	1495	0	24725	OSCURIDAD
04	WT	125	1	26220	OSCURIDAD
04	WT	2075	0	26345	OSCURIDAD
04	WT	100	1	28420	OSCURIDAD
04	WT	1530	0	28520	OSCURIDAD
04	WT	475	1	30050	OSCURIDAD
04	WT	35	0	30525	OSCURIDAD
04	WT	5	1	30560	OSCURIDAD
04	WT	75	2	30565	OSCURIDAD
04	WT	420	1	30640	OSCURIDAD
04	WT	50	0	31060	OSCURIDAD
04	WT	20	1	31110	OSCURIDAD
04	WT	175	2	31130	OSCURIDAD
04	WT	640	1	31305	OSCURIDAD
04	WT	45	0	31945	OSCURIDAD
04	WT	5	1	31990	OSCURIDAD
04	WT	100	2	31995	OSCURIDAD
04	WT	120	1	32095	OSCURIDAD
04	WT	40	0	32215	OSCURIDAD
04	WT	20	1	32255	OSCURIDAD
04	WT	70	2	32275	OSCURIDAD
04	WT	30	1	32345	OSCURIDAD
04	WT	40	0	32375	OSCURIDAD
04	WT	10	1	32415	OSCURIDAD
04	WT	295	2	32425	OSCURIDAD
04	WT	390	1	32720	OSCURIDAD
04	WT	20	0	33110	OSCURIDAD
04	WT	15	1	33130	OSCURIDAD
04	WT	90	0	33145	OSCURIDAD
04	WT	290	1	33235	OSCURIDAD
04	WT	125	0	33525	OSCURIDAD
04	WT	40	2	33650	OSCURIDAD
04	WT	120	1	33690	OSCURIDAD
04	WT	35	0	33810	OSCURIDAD
04	WT	45	1	33845	OSCURIDAD
04	WT	110	0	33890	OSCURIDAD
04	WT	40	1	34000	OSCURIDAD
04	WT	80	0	34040	OSCURIDAD
04	WT	105	2	34120	OSCURIDAD
04	WT	160	0	34225	OSCURIDAD
04	WT	390	1	34385	OSCURIDAD
04	WT	30	0	34775	OSCURIDAD
04	WT	270	1	34805	OSCURIDAD
04	WT	505	0	35075	OSCURIDAD
04	WT	285	1	35580	OSCURIDAD
04	WT	95	0	35865	OSCURIDAD
04	WT	310	1	35960	OSCURIDAD
04	WT	40	0	36270	OSCURIDAD
04	WT	30	1	36310	OSCURIDAD
04	WT	120	0	36340	OSCURIDAD
04	WT	90	1	36460	OSCURIDAD
04	WT	40	0	36550	OSCURIDAD
04	WT	105	1	36590	OSCURIDAD
04	WT	75	0	36695	OSCURIDAD
04	WT	5	1	36770	OSCURIDAD
04	WT	110	2	36775	OSCURIDAD
04	WT	70	0	36885	OSCURIDAD
04	WT	125	1	36955	OSCURIDAD
04	WT	30	0	37080	OSCURIDAD
04	WT	660	1	37110	OSCURIDAD
04	WT	50	0	37770	OSCURIDAD
04	WT	200	1	37820	OSCURIDAD
04	WT	1735	0	38020	OSCURIDAD
04	WT	50	2	39755	LUZ
04	WT	3605	0	39805	LUZ
04	WT	40	1	43410	LUZ
04	WT	125	0	43450	LUZ
04	WT	55	1	43575	LUZ
04	WT	935	0	43630	LUZ
04	WT	450	1	44565	LUZ
04	WT	75	0	45015	LUZ
04	WT	35	2	45090	LUZ
04	WT	255	0	45125	LUZ
04	WT	55	1	45380	LUZ
04	WT	35	0	45435	LUZ
04	WT	210	1	45470	LUZ
04	WT	195	0	45680	LUZ
04	WT	190	1	45875	LUZ
04	WT	165	0	46065	LUZ
04	WT	60	1	46230	LUZ
04	WT	2205	0	46290	LUZ
04	WT	80	1	48495	LUZ
04	WT	105	0	48575	LUZ
04	WT	325	1	48680	LUZ
04	WT	35	0	49005	LUZ
04	WT	210	1	49040	LUZ
04	WT	75	0	49250	LUZ
04	WT	10	1	49325	LUZ
04	WT	30	2	49335	LUZ
04	WT	130	0	49365	LUZ
04	WT	105	1	49495	LUZ
04	WT	135	0	49600	LUZ
04	WT	105	1	49735	LUZ
04	WT	115	0	49840	LUZ
04	WT	260	1	49955	LUZ
04	WT	95	0	50215	LUZ
04	WT	230	1	50310	LUZ
04	WT	145	0	50540	LUZ
04	WT	80	1	50685	LUZ
04	WT	50	0	50765	LUZ
04	WT	95	1	50815	LUZ
04	WT	55	0	50910	LUZ
04	WT	15	1	50965	LUZ
04	WT	30	2	50980	LUZ
04	WT	65	0	51010	LUZ
04	WT	310	1	51075	LUZ
04	WT	70	0	51385	LUZ
04	WT	165	1	51455	LUZ
04	WT	75	0	51620	LUZ
04	WT	145	1	51695	LUZ
04	WT	75	0	51840	LUZ
04	WT	10	1	51915	LUZ
04	WT	55	2	51925	LUZ
04	WT	65	0	51980	LUZ
04	WT	150	1	52045	LUZ
04	WT	145	0	52195	LUZ
04	WT	550	1	52340	LUZ
04	WT	30	2	52890	LUZ
04	WT	305	1	52920	LUZ
04	WT	1230	0	53225	LUZ
04	WT	315	1	54455	LUZ
04	WT	45	0	54770	LUZ
04	WT	85	1	54815	LUZ
04	WT	30	0	54900	LUZ
04	WT	10	1	54930	LUZ
04	WT	145	2	54940	LUZ
04	WT	75	0	55085	LUZ
04	WT	160	1	55160	LUZ
04	WT	30	0	55320	LUZ
04	WT	65	1	55350	LUZ
04	WT	45	0	55415	LUZ
04	WT	30	1	55460	LUZ
04	WT	30	0	55490	LUZ
04	WT	30	1	55520	LUZ
04	WT	30	0	55550	LUZ
04	WT	35	1	55580	LUZ
04	WT	30	0	55615	LUZ
04	WT	110	1	55645	LUZ
04	WT	40	0	55755	LUZ
04	WT	75	1	55795	LUZ
04	WT	70	0	55870	LUZ
04	WT	35	1	55940	LUZ
04	WT	30	0	55975	LUZ
04	WT	35	1	56005	LUZ
04	WT	35	0	56040	LUZ
04	WT	55	1	56075	LUZ
04	WT	30	0	56130	LUZ
04	WT	100	1	56160	LUZ
04	WT	50	0	56260	LUZ
04	WT	225	1	56310	LUZ
04	WT	50	0	56535	LUZ
04	WT	25	1	56585	LUZ
04	WT	150	2	56610	LUZ
04	WT	85	0	56760	LUZ
04	WT	180	1	56845	LUZ
04	WT	60	2	57025	LUZ
04	WT	75	1	57085	LUZ
04	WT	30	0	57160	LUZ
04	WT	180	1	57190	LUZ
04	WT	150	0	57370	LUZ
04	WT	50	2	57520	LUZ
04	WT	60	0	57570	LUZ
04	WT	30	1	57630	LUZ
04	WT	30	0	57660	LUZ
04	WT	110	1	57690	LUZ
04	WT	50	0	57800	LUZ
04	WT	130	1	57850	LUZ
04	WT	2050	0	57980	LUZ
04	WT	395	1	60030	LUZ
04	WT	55	2	60425	LUZ
04	WT	175	1	60480	LUZ
04	WT	30	0	60655	LUZ
04	WT	85	1	60685	LUZ
04	WT	65	0	60770	LUZ
04	WT	180	1	60835	LUZ
04	WT	100	0	61015	LUZ
04	WT	30	1	61115	LUZ
04	WT	95	0	61145	LUZ
04	WT	10	1	61240	LUZ
04	WT	45	2	61250	LUZ
04	WT	65	0	61295	LUZ
04	WT	35	1	61360	LUZ
04	WT	45	0	61395	LUZ
04	WT	30	1	61440	LUZ
04	WT	40	0	61470	LUZ
04	WT	330	1	61510	LUZ
04	WT	30	0	61840	LUZ
04	WT	75	1	61870	LUZ
04	WT	145	0	61945	LUZ
04	WT	5	1	62090	LUZ
04	WT	55	2	62095	LUZ
04	WT	85	1	62150	LUZ
04	WT	40	0	62235	LUZ
04	WT	125	1	62275	LUZ
04	WT	110	0	62400	LUZ
04	WT	40	1	62510	LUZ
04	WT	130	2	62550	LUZ
04	WT	40	0	62680	LUZ
04	WT	430	1	62720	LUZ
04	WT	80	0	63150	LUZ
04	WT	445	1	63230	LUZ
04	WT	30	0	63675	LUZ
04	WT	175	1	63705	LUZ
04	WT	65	0	63880	LUZ
04	WT	30	1	63945	LUZ
04	WT	90	2	63975	LUZ
04	WT	50	1	64065	LUZ
04	WT	125	2	64115	LUZ
04	WT	190	1	64240	LUZ
04	WT	150	0	64430	LUZ
04	WT	70	1	64580	LUZ
04	WT	190	0	64650	LUZ
04	WT	30	1	64840	LUZ
04	WT	130	0	64870	LUZ
04	WT	10	1	65000	LUZ
04	WT	65	2	65010	LUZ
04	WT	10	1	65075	LUZ
04	WT	160	0	65085	LUZ
04	WT	40	1	65245	LUZ
04	WT	30	0	65285	LUZ
04	WT	60	1	65315	LUZ
04	WT	80	0	65375	LUZ
04	WT	50	1	65455	LUZ
04	WT	35	0	65505	LUZ
04	WT	175	1	65540	LUZ
04	WT	135	2	65715	LUZ
04	WT	80	0	65850	LUZ
04	WT	370	1	65930	LUZ
04	WT	940	0	66300	LUZ
04	WT	85	1	67240	LUZ
04	WT	160	0	67325	LUZ
04	WT	115	1	67485	LUZ
04	WT	295	0	67600	LUZ
04	WT	75	1	67895	LUZ
04	WT	75	0	67970	LUZ
04	WT	55	1	68045	LUZ
04	WT	160	0	68100	LUZ
04	WT	5	1	68260	LUZ
04	WT	85	2	68265	LUZ
04	WT	75	0	68350	LUZ
04	WT	90	1	68425	LUZ
04	WT	30	0	68515	LUZ
04	WT	170	1	68545	LUZ
04	WT	80	0	68715	LUZ
04	WT	20	1	68795	LUZ
04	WT	75	2	68815	LUZ
04	WT	30	1	68890	LUZ
04	WT	145	0	68920	LUZ
04	WT	95	1	69065	LUZ
04	WT	35	0	69160	LUZ
04	WT	70	1	69195	LUZ
04	WT	45	0	69265	LUZ
04	WT	5	1	69310	LUZ
04	WT	50	2	69315	LUZ
04	WT	5	1	69365	LUZ
04	WT	45	0	69370	LUZ
04	WT	105	2	69415	LUZ
04	WT	75	1	69520	LUZ
04	WT	40	0	69595	LUZ
04	WT	125	1	69635	LUZ
04	WT	65	0	69760	LUZ
04	WT	20	1	69825	LUZ
04	WT	30	2	69845	LUZ
04	WT	45	0	69875	LUZ
04	WT	55	1	69920	LUZ
04	WT	55	0	69975	LUZ
04	WT	5	1	70030	LUZ
04	WT	55	2	70035	LUZ
04	WT	35	1	70090	LUZ
04	WT	235	2	70125	LUZ
04	WT	110	1	70360	LUZ
04	WT	40	0	70470	LUZ
04	WT	140	1	70510	LUZ
04	WT	50	0	70650	LUZ
04	WT	460	1	70700	LUZ
04	WT	35	0	71160	LUZ
04	WT	30	1	71195	LUZ
04	WT	30	0	71225	LUZ
04	WT	35	1	71255	LUZ
04	WT	55	0	71290	LUZ
04	WT	95	1	71345	LUZ
04	WT	10	0	71440	LUZ
04	WT	50	1	71450	LUZ
04	WT	120	2	71500	LUZ
04	WT	10	1	71620	LUZ
04	WT	100	0	71630	LUZ
04	WT	65	1	71730	LUZ
04	WT	140	0	71795	LUZ
04	WT	45	1	71935	LUZ
04	WT	75	0	71980	LUZ
04	WT	10	1	72055	LUZ
04	WT	110	2	72065	LUZ
04	WT	45	1	72175	LUZ
04	WT	90	0	72220	LUZ
04	WT	190	1	72310	LUZ
04	WT	30	0	72500	LUZ
04	WT	70	1	72530	LUZ
04	WT	85	0	72600	LUZ
04	WT	15	1	72685	LUZ
04	WT	130	2	72700	LUZ
04	WT	445	1	72830	LUZ
04	WT	50	2	73275	LUZ
04	WT	5	1	73325	LUZ
04	WT	50	0	73330	LUZ
04	WT	20	1	73380	LUZ
04	WT	65	2	73400	LUZ
04	WT	390	1	73465	LUZ
04	WT	3530	0	73855	LUZ
04	WT	345	1	77385	LUZ
04	WT	40	0	77730	LUZ
04	WT	10	1	77770	LUZ
04	WT	115	2	77780	LUZ
04	WT	140	1	77895	LUZ
04	WT	60	0	78035	LUZ
04	WT	120	1	78095	LUZ
04	WT	45	0	78215	LUZ
04	WT	35	1	78260	LUZ
04	WT	245	0	78295	LUZ
04	WT	30	1	78540	LUZ
04	WT	40	0	78570	LUZ
04	WT	15	1	78610	LUZ
04	WT	165	2	78625	LUZ
04	WT	60	1	78790	LUZ
04	WT	95	0	78850	LUZ
04	WT	235	1	78945	LUZ
04	WT	140	0	79180	LUZ
04	WT	75	1	79320	LUZ
04	WT	30	0	79395	LUZ
04	WT	75	1	79425	LUZ
04	WT	50	0	79500	LUZ
04	WT	15	1	79550	LUZ
04	WT	40	2	79565	LUZ
04	WT	180	1	79605	LUZ
04	WT	75	0	79785	LUZ
04	WT	85	1	79860	LUZ
04	WT	55	0	79945	LUZ
04	WT	85	1	80000	LUZ
04	WT	65	0	80085	LUZ
04	WT	20	1	80150	LUZ
04	WT	205	2	80170	LUZ
04	WT	75	0	80375	LUZ
04	WT	60	1	80450	LUZ
04	WT	55	0	80510	LUZ
04	WT	125	1	80565	LUZ
04	WT	35	0	80690	LUZ
04	WT	125	1	80725	LUZ
04	WT	45	0	80850	LUZ
04	WT	45	1	80895	LUZ
04	WT	35	0	80940	LUZ
04	WT	105	1	80975	LUZ
04	WT	55	0	81080	LUZ
04	WT	60	1	81135	LUZ
04	WT	55	2	81195	LUZ
04	WT	425	1	81250	LUZ
04	WT	85	2	81675	OSCURIDAD
04	WT	45	0	81760	OSCURIDAD
04	WT	125	1	81805	OSCURIDAD
04	WT	2195	0	81930	OSCURIDAD
04	WT	100	1	84125	OSCURIDAD
04	WT	125	0	84225	OSCURIDAD
04	WT	60	1	84350	OSCURIDAD
04	WT	60	0	84410	OSCURIDAD
04	WT	45	1	84470	OSCURIDAD
04	WT	35	0	84515	OSCURIDAD
04	WT	15	1	84550	OSCURIDAD
04	WT	85	2	84565	OSCURIDAD
04	WT	5	1	84650	OSCURIDAD
04	WT	65	0	84655	OSCURIDAD
04	WT	295	1	84720	OSCURIDAD
04	WT	40	2	85015	OSCURIDAD
04	WT	95	1	85055	OSCURIDAD
04	WT	95	0	85150	OSCURIDAD
04	WT	35	1	85245	OSCURIDAD
07	WT	1575	0	0	OSCURIDAD
07	WT	35	2	1575	OSCURIDAD
07	WT	550	0	1610	OSCURIDAD
07	WT	85	1	2160	OSCURIDAD
07	WT	105	2	2245	OSCURIDAD
07	WT	195	1	2350	OSCURIDAD
07	WT	50	2	2545	OSCURIDAD
07	WT	580	1	2595	OSCURIDAD
07	WT	90	2	3175	OSCURIDAD
07	WT	110	0	3265	OSCURIDAD
07	WT	125	1	3375	OSCURIDAD
07	WT	510	0	3500	OSCURIDAD
07	WT	40	2	4010	OSCURIDAD
07	WT	85	0	4050	OSCURIDAD
07	WT	5	1	4135	OSCURIDAD
07	WT	90	2	4140	OSCURIDAD
07	WT	55	1	4230	OSCURIDAD
07	WT	40	2	4285	OSCURIDAD
07	WT	10	1	4325	OSCURIDAD
07	WT	45	0	4335	OSCURIDAD
07	WT	280	1	4380	OSCURIDAD
07	WT	60	0	4660	OSCURIDAD
07	WT	55	1	4720	OSCURIDAD
07	WT	30	0	4775	OSCURIDAD
07	WT	40	2	4805	OSCURIDAD
07	WT	130	0	4845	OSCURIDAD
07	WT	10	1	4975	OSCURIDAD
07	WT	30	2	4985	OSCURIDAD
07	WT	5	1	5015	OSCURIDAD
07	WT	1265	0	5020	OSCURIDAD
07	WT	145	1	6285	OSCURIDAD
07	WT	50	0	6430	OSCURIDAD
07	WT	560	1	6480	OSCURIDAD
07	WT	90	2	7040	OSCURIDAD
07	WT	65	0	7130	OSCURIDAD
07	WT	845	1	7195	OSCURIDAD
07	WT	170	2	8040	LUZ
07	WT	30	0	8210	LUZ
07	WT	170	1	8240	LUZ
07	WT	80	0	8410	LUZ
07	WT	1055	1	8490	LUZ
07	WT	165	2	9545	LUZ
07	WT	40	0	9710	LUZ
07	WT	815	1	9750	LUZ
07	WT	115	2	10565	LUZ
07	WT	170	1	10680	LUZ
07	WT	45	0	10850	LUZ
07	WT	10	1	10895	LUZ
07	WT	120	2	10905	LUZ
07	WT	45	1	11025	LUZ
07	WT	90	0	11070	LUZ
07	WT	45	2	11160	LUZ
07	WT	420	0	11205	LUZ
07	WT	85	2	11625	LUZ
07	WT	50	0	11710	LUZ
07	WT	70	2	11760	LUZ
07	WT	240	0	11830	LUZ
07	WT	50	2	12070	LUZ
07	WT	470	0	12120	LUZ
07	WT	365	1	12590	LUZ
07	WT	35	0	12955	LUZ
07	WT	1060	1	12990	LUZ
07	WT	155	2	14050	LUZ
07	WT	45	0	14205	LUZ
07	WT	400	1	14250	LUZ
07	WT	50	0	14650	LUZ
07	WT	30	1	14700	LUZ
07	WT	130	0	14730	LUZ
07	WT	35	1	14860	LUZ
07	WT	1520	0	14895	LUZ
07	WT	65	2	16415	LUZ
07	WT	625	0	16480	LUZ
07	WT	60	2	17105	LUZ
07	WT	235	1	17165	LUZ
07	WT	90	0	17400	LUZ
07	WT	35	2	17490	LUZ
07	WT	70	0	17525	LUZ
07	WT	30	2	17595	LUZ
07	WT	40	1	17625	LUZ
07	WT	35	2	17665	LUZ
07	WT	65	1	17700	LUZ
07	WT	30	0	17765	LUZ
07	WT	445	1	17795	LUZ
07	WT	40	2	18240	LUZ
07	WT	400	1	18280	LUZ
07	WT	100	2	18680	LUZ
07	WT	85	0	18780	LUZ
07	WT	210	1	18865	LUZ
07	WT	90	2	19075	LUZ
07	WT	860	1	19165	LUZ
07	WT	165	2	20025	LUZ
07	WT	735	1	20190	LUZ
07	WT	50	2	20925	LUZ
07	WT	205	1	20975	LUZ
07	WT	40	0	21180	LUZ
07	WT	45	2	21220	LUZ
07	WT	775	0	21265	LUZ
07	WT	540	1	22040	LUZ
07	WT	40	2	22580	LUZ
07	WT	195	1	22620	LUZ
07	WT	70	2	22815	LUZ
07	WT	195	1	22885	LUZ
07	WT	80	2	23080	LUZ
07	WT	565	1	23160	LUZ
07	WT	130	2	23725	LUZ
07	WT	940	1	23855	LUZ
07	WT	190	2	24795	LUZ
07	WT	40	0	24985	LUZ
07	WT	190	1	25025	LUZ
07	WT	155	2	25215	LUZ
07	WT	80	1	25370	LUZ
07	WT	405	0	25450	LUZ
07	WT	55	2	25855	LUZ
07	WT	5	1	25910	LUZ
07	WT	125	0	25915	LUZ
07	WT	45	2	26040	LUZ
07	WT	545	0	26085	LUZ
07	WT	50	1	26630	LUZ
07	WT	60	2	26680	LUZ
07	WT	430	1	26740	LUZ
07	WT	35	2	27170	LUZ
07	WT	35	0	27205	LUZ
07	WT	425	1	27240	LUZ
07	WT	70	2	27665	LUZ
07	WT	415	1	27735	LUZ
07	WT	35	0	28150	LUZ
07	WT	50	2	28185	LUZ
07	WT	50	0	28235	LUZ
07	WT	400	1	28285	LUZ
07	WT	50	2	28685	LUZ
07	WT	195	1	28735	LUZ
07	WT	170	2	28930	LUZ
07	WT	40	0	29100	LUZ
07	WT	930	1	29140	LUZ
07	WT	120	2	30070	LUZ
07	WT	560	1	30190	LUZ
07	WT	1550	0	30750	LUZ
07	WT	575	1	32300	LUZ
07	WT	50	2	32875	LUZ
07	WT	760	1	32925	LUZ
07	WT	40	2	33685	LUZ
07	WT	275	1	33725	LUZ
07	WT	155	2	34000	LUZ
07	WT	670	1	34155	LUZ
07	WT	135	2	34825	LUZ
07	WT	1350	1	34960	LUZ
07	WT	110	2	36310	LUZ
07	WT	30	0	36420	LUZ
07	WT	785	1	36450	LUZ
07	WT	260	0	37235	LUZ
07	WT	50	2	37495	LUZ
07	WT	100	0	37545	LUZ
07	WT	45	2	37645	LUZ
07	WT	10	1	37690	LUZ
07	WT	100	0	37700	LUZ
07	WT	425	1	37800	LUZ
07	WT	70	2	38225	LUZ
07	WT	555	1	38295	LUZ
07	WT	70	2	38850	LUZ
07	WT	30	0	38920	LUZ
07	WT	680	1	38950	LUZ
07	WT	40	0	39630	LUZ
07	WT	170	1	39670	LUZ
07	WT	35	2	39840	LUZ
07	WT	5	1	39875	LUZ
07	WT	30	0	39880	LUZ
07	WT	425	1	39910	LUZ
07	WT	245	0	40335	LUZ
07	WT	75	2	40580	LUZ
07	WT	305	0	40655	LUZ
07	WT	490	1	40960	LUZ
07	WT	60	0	41450	LUZ
07	WT	60	1	41510	LUZ
07	WT	35	0	41570	LUZ
07	WT	85	2	41605	LUZ
07	WT	105	0	41690	LUZ
07	WT	145	2	41795	LUZ
07	WT	65	0	41940	LUZ
07	WT	115	1	42005	LUZ
07	WT	40	0	42120	LUZ
07	WT	105	1	42160	LUZ
07	WT	35	0	42265	LUZ
07	WT	300	1	42300	LUZ
07	WT	60	2	42600	LUZ
07	WT	30	0	42660	LUZ
07	WT	455	1	42690	LUZ
07	WT	60	0	43145	LUZ
07	WT	70	1	43205	LUZ
07	WT	30	2	43275	LUZ
07	WT	140	0	43305	LUZ
07	WT	170	2	43445	LUZ
07	WT	75	0	43615	LUZ
07	WT	565	1	43690	LUZ
07	WT	45	2	44255	LUZ
07	WT	30	0	44300	LUZ
07	WT	400	1	44330	LUZ
07	WT	115	2	44730	LUZ
07	WT	265	1	44845	LUZ
07	WT	65	2	45110	LUZ
07	WT	50	1	45175	LUZ
07	WT	295	0	45225	LUZ
07	WT	90	2	45520	LUZ
07	WT	175	0	45610	LUZ
07	WT	195	1	45785	LUZ
07	WT	70	0	45980	LUZ
07	WT	40	1	46050	LUZ
07	WT	35	2	46090	LUZ
07	WT	770	1	46125	LUZ
07	WT	30	0	46895	LUZ
07	WT	390	1	46925	LUZ
07	WT	45	2	47315	LUZ
07	WT	110	1	47360	LUZ
07	WT	70	2	47470	LUZ
07	WT	225	1	47540	LUZ
07	WT	30	0	47765	LUZ
07	WT	145	1	47795	LUZ
07	WT	35	0	47940	LUZ
07	WT	35	1	47975	LUZ
07	WT	50	0	48010	LUZ
07	WT	25	1	48060	LUZ
07	WT	60	2	48085	LUZ
07	WT	15	1	48145	LUZ
07	WT	2105	0	48160	LUZ
07	WT	85	2	50265	LUZ
07	WT	360	0	50350	LUZ
07	WT	110	2	50710	LUZ
07	WT	825	1	50820	OSCURIDAD
07	WT	1745	0	51645	OSCURIDAD
07	WT	30	2	53390	OSCURIDAD
07	WT	1305	0	53420	OSCURIDAD
07	WT	85	2	54725	OSCURIDAD
07	WT	1680	0	54810	OSCURIDAD
07	WT	310	2	56490	OSCURIDAD
07	WT	25	1	56800	OSCURIDAD
07	WT	40	0	56825	OSCURIDAD
07	WT	80	1	56865	OSCURIDAD
07	WT	105	2	56945	OSCURIDAD
07	WT	30	1	57050	OSCURIDAD
07	WT	95	2	57080	OSCURIDAD
07	WT	660	1	57175	OSCURIDAD
07	WT	150	2	57835	OSCURIDAD
07	WT	1070	1	57985	OSCURIDAD
07	WT	180	2	59055	OSCURIDAD
07	WT	595	1	59235	OSCURIDAD
07	WT	60	0	59830	OSCURIDAD
07	WT	45	1	59890	OSCURIDAD
07	WT	30	2	59935	OSCURIDAD
07	WT	30	0	59965	OSCURIDAD
07	WT	30	2	59995	OSCURIDAD
07	WT	165	1	60025	OSCURIDAD
07	WT	35	0	60190	OSCURIDAD
07	WT	345	1	60225	OSCURIDAD
07	WT	225	0	60570	OSCURIDAD
07	WT	40	2	60795	OSCURIDAD
07	WT	1095	0	60835	OSCURIDAD
07	WT	55	2	61930	OSCURIDAD
07	WT	2025	0	61985	OSCURIDAD
07	WT	555	1	64010	OSCURIDAD
07	WT	70	2	64565	OSCURIDAD
07	WT	890	1	64635	OSCURIDAD
07	WT	90	2	65525	OSCURIDAD
07	WT	705	1	65615	OSCURIDAD
07	WT	160	2	66320	OSCURIDAD
07	WT	35	0	66480	OSCURIDAD
07	WT	890	1	66515	OSCURIDAD
07	WT	50	0	67405	OSCURIDAD
07	WT	250	1	67455	OSCURIDAD
07	WT	120	2	67705	OSCURIDAD
07	WT	135	0	67825	OSCURIDAD
07	WT	145	1	67960	OSCURIDAD
07	WT	85	2	68105	OSCURIDAD
07	WT	35	1	68190	OSCURIDAD
07	WT	85	2	68225	OSCURIDAD
07	WT	5	1	68310	OSCURIDAD
07	WT	2780	0	68315	OSCURIDAD
07	WT	35	2	71095	OSCURIDAD
07	WT	3035	0	71130	OSCURIDAD
07	WT	5	1	74165	OSCURIDAD
07	WT	35	2	74170	OSCURIDAD
07	WT	30	1	74205	OSCURIDAD
07	WT	45	0	74235	OSCURIDAD
07	WT	10	1	74280	OSCURIDAD
07	WT	40	2	74290	OSCURIDAD
07	WT	40	1	74330	OSCURIDAD
07	WT	35	0	74370	OSCURIDAD
07	WT	50	1	74405	OSCURIDAD
07	WT	45	0	74455	OSCURIDAD
07	WT	95	2	74500	OSCURIDAD
07	WT	695	1	74595	OSCURIDAD
07	WT	165	2	75290	OSCURIDAD
07	WT	20	1	75455	OSCURIDAD
07	WT	50	0	75475	OSCURIDAD
07	WT	560	1	75525	OSCURIDAD
07	WT	30	2	76085	OSCURIDAD
07	WT	195	1	76115	OSCURIDAD
07	WT	40	2	76310	OSCURIDAD
07	WT	460	1	76350	OSCURIDAD
07	WT	230	0	76810	OSCURIDAD
07	WT	35	2	77040	OSCURIDAD
07	WT	55	1	77075	OSCURIDAD
07	WT	290	0	77130	OSCURIDAD
07	WT	105	1	77420	OSCURIDAD
07	WT	30	0	77525	OSCURIDAD
07	WT	35	1	77555	OSCURIDAD
07	WT	35	0	77590	OSCURIDAD
07	WT	155	1	77625	OSCURIDAD
07	WT	145	0	77780	OSCURIDAD
07	WT	65	1	77925	OSCURIDAD
07	WT	50	2	77990	OSCURIDAD
07	WT	60	0	78040	OSCURIDAD
07	WT	15	1	78100	OSCURIDAD
07	WT	30	2	78115	OSCURIDAD
07	WT	60	0	78145	OSCURIDAD
07	WT	30	2	78205	OSCURIDAD
07	WT	115	1	78235	OSCURIDAD
07	WT	45	2	78350	OSCURIDAD
07	WT	40	1	78395	OSCURIDAD
07	WT	85	2	78435	OSCURIDAD
07	WT	5	1	78520	OSCURIDAD
07	WT	35	0	78525	OSCURIDAD
07	WT	190	1	78560	OSCURIDAD
07	WT	200	2	78750	OSCURIDAD
07	WT	470	1	78950	OSCURIDAD
07	WT	35	0	79420	OSCURIDAD
07	WT	60	1	79455	OSCURIDAD
07	WT	4225	0	79515	OSCURIDAD
07	WT	165	2	83740	OSCURIDAD
07	WT	60	0	83905	OSCURIDAD
07	WT	95	2	83965	OSCURIDAD
07	WT	1285	0	84060	OSCURIDAD
07	WT	30	1	85345	OSCURIDAD
07	WT	80	0	85375	OSCURIDAD
07	WT	35	1	85455	OSCURIDAD
07	WT	35	0	85490	OSCURIDAD
07	WT	105	1	85525	OSCURIDAD
07	WT	65	0	85630	OSCURIDAD
07	WT	490	1	85695	OSCURIDAD
01	WT	380	1	0	LUZ
01	WT	3260	0	380	LUZ
01	WT	320	1	3640	LUZ
01	WT	45	0	3960	LUZ
01	WT	235	1	4005	LUZ
01	WT	335	0	4240	LUZ
01	WT	30	1	4575	LUZ
01	WT	120	0	4605	LUZ
01	WT	710	1	4725	LUZ
01	WT	1000	0	5435	LUZ
01	WT	395	1	6435	LUZ
01	WT	40	0	6830	LUZ
01	WT	215	2	6870	LUZ
01	WT	40	0	7085	LUZ
01	WT	545	1	7125	LUZ
01	WT	40	0	7670	LUZ
01	WT	75	2	7710	LUZ
01	WT	525	1	7785	LUZ
01	WT	55	0	8310	LUZ
01	WT	50	1	8365	LUZ
01	WT	30	0	8415	LUZ
01	WT	35	1	8445	LUZ
01	WT	45	0	8480	LUZ
01	WT	105	2	8525	LUZ
01	WT	30	0	8630	LUZ
01	WT	395	1	8660	LUZ
01	WT	145	0	9055	LUZ
01	WT	70	1	9200	LUZ
01	WT	35	0	9270	LUZ
01	WT	210	1	9305	LUZ
01	WT	1605	0	9515	LUZ
01	WT	760	1	11120	LUZ
01	WT	70	0	11880	LUZ
01	WT	295	1	11950	LUZ
01	WT	30	0	12245	LUZ
01	WT	380	1	12275	LUZ
01	WT	45	0	12655	LUZ
01	WT	60	2	12700	LUZ
01	WT	810	1	12760	LUZ
01	WT	35	0	13570	LUZ
01	WT	125	2	13605	LUZ
01	WT	405	1	13730	LUZ
01	WT	30	0	14135	LUZ
01	WT	230	1	14165	LUZ
01	WT	40	0	14395	LUZ
01	WT	215	1	14435	LUZ
01	WT	40	0	14650	LUZ
01	WT	110	2	14690	LUZ
01	WT	360	1	14800	LUZ
01	WT	50	0	15160	LUZ
01	WT	405	1	15210	LUZ
01	WT	60	2	15615	LUZ
01	WT	145	1	15675	LUZ
01	WT	30	0	15820	LUZ
01	WT	225	1	15850	LUZ
01	WT	70	2	16075	LUZ
01	WT	125	1	16145	LUZ
01	WT	55	0	16270	LUZ
01	WT	305	1	16325	LUZ
01	WT	120	0	16630	OSCURIDAD
01	WT	225	1	16750	OSCURIDAD
01	WT	70	0	16975	OSCURIDAD
01	WT	145	2	17045	OSCURIDAD
01	WT	55	0	17190	OSCURIDAD
01	WT	475	1	17245	OSCURIDAD
01	WT	60	0	17720	OSCURIDAD
01	WT	80	1	17780	OSCURIDAD
01	WT	570	0	17860	OSCURIDAD
01	WT	50	1	18430	OSCURIDAD
01	WT	275	0	18480	OSCURIDAD
01	WT	40	1	18755	OSCURIDAD
01	WT	570	0	18795	OSCURIDAD
01	WT	55	1	19365	OSCURIDAD
01	WT	895	0	19420	OSCURIDAD
01	WT	495	1	20315	OSCURIDAD
01	WT	60	0	20810	OSCURIDAD
01	WT	30	1	20870	OSCURIDAD
01	WT	85	0	20900	OSCURIDAD
01	WT	145	1	20985	OSCURIDAD
01	WT	35	0	21130	OSCURIDAD
01	WT	345	1	21165	OSCURIDAD
01	WT	135	0	21510	OSCURIDAD
01	WT	230	1	21645	OSCURIDAD
01	WT	35	0	21875	OSCURIDAD
01	WT	475	1	21910	OSCURIDAD
01	WT	85	2	22385	OSCURIDAD
01	WT	600	1	22470	OSCURIDAD
01	WT	75	2	23070	OSCURIDAD
01	WT	445	1	23145	OSCURIDAD
01	WT	155	2	23590	OSCURIDAD
01	WT	850	1	23745	OSCURIDAD
01	WT	50	0	24595	OSCURIDAD
01	WT	115	2	24645	OSCURIDAD
01	WT	1030	1	24760	OSCURIDAD
01	WT	35	0	25790	OSCURIDAD
01	WT	320	1	25825	OSCURIDAD
01	WT	200	2	26145	OSCURIDAD
01	WT	30	0	26345	OSCURIDAD
01	WT	1240	1	26375	OSCURIDAD
01	WT	210	0	27615	OSCURIDAD
01	WT	35	1	27825	OSCURIDAD
01	WT	30	0	27860	OSCURIDAD
01	WT	105	1	27890	OSCURIDAD
01	WT	755	0	27995	OSCURIDAD
01	WT	60	1	28750	OSCURIDAD
01	WT	810	0	28810	OSCURIDAD
01	WT	375	1	29620	OSCURIDAD
01	WT	50	2	29995	OSCURIDAD
01	WT	375	1	30045	OSCURIDAD
01	WT	100	2	30420	OSCURIDAD
01	WT	810	1	30520	OSCURIDAD
01	WT	165	2	31330	OSCURIDAD
01	WT	15	1	31495	OSCURIDAD
01	WT	35	0	31510	OSCURIDAD
01	WT	1475	1	31545	OSCURIDAD
01	WT	50	0	33020	OSCURIDAD
01	WT	55	2	33070	OSCURIDAD
01	WT	50	0	33125	OSCURIDAD
01	WT	820	1	33175	OSCURIDAD
01	WT	105	2	33995	OSCURIDAD
01	WT	50	0	34100	OSCURIDAD
01	WT	860	1	34150	OSCURIDAD
01	WT	60	2	35010	OSCURIDAD
01	WT	40	0	35070	OSCURIDAD
01	WT	160	1	35110	OSCURIDAD
01	WT	55	0	35270	OSCURIDAD
01	WT	230	1	35325	OSCURIDAD
01	WT	2405	0	35555	OSCURIDAD
01	WT	115	1	37960	OSCURIDAD
01	WT	50	0	38075	OSCURIDAD
01	WT	1210	1	38125	OSCURIDAD
01	WT	40	0	39335	OSCURIDAD
01	WT	100	1	39375	OSCURIDAD
01	WT	35	0	39475	OSCURIDAD
01	WT	140	1	39510	OSCURIDAD
01	WT	180	2	39650	OSCURIDAD
01	WT	105	0	39830	OSCURIDAD
01	WT	705	1	39935	OSCURIDAD
01	WT	30	0	40640	OSCURIDAD
01	WT	65	1	40670	OSCURIDAD
01	WT	50	2	40735	OSCURIDAD
01	WT	740	1	40785	OSCURIDAD
01	WT	110	0	41525	OSCURIDAD
01	WT	295	1	41635	OSCURIDAD
01	WT	60	2	41930	OSCURIDAD
01	WT	190	1	41990	OSCURIDAD
01	WT	55	0	42180	OSCURIDAD
01	WT	35	1	42235	OSCURIDAD
01	WT	60	0	42270	OSCURIDAD
01	WT	105	1	42330	OSCURIDAD
01	WT	35	0	42435	OSCURIDAD
01	WT	110	2	42470	OSCURIDAD
01	WT	35	0	42580	OSCURIDAD
01	WT	950	1	42615	OSCURIDAD
01	WT	70	2	43565	OSCURIDAD
01	WT	615	1	43635	OSCURIDAD
01	WT	3060	0	44250	OSCURIDAD
01	WT	165	1	47310	OSCURIDAD
01	WT	220	0	47475	OSCURIDAD
01	WT	35	1	47695	OSCURIDAD
01	WT	215	0	47730	OSCURIDAD
01	WT	140	1	47945	OSCURIDAD
01	WT	70	0	48085	OSCURIDAD
01	WT	355	1	48155	OSCURIDAD
01	WT	35	0	48510	OSCURIDAD
01	WT	155	2	48545	OSCURIDAD
01	WT	865	1	48700	OSCURIDAD
01	WT	70	2	49565	OSCURIDAD
01	WT	450	1	49635	OSCURIDAD
01	WT	35	0	50085	OSCURIDAD
01	WT	70	2	50120	OSCURIDAD
01	WT	460	1	50190	OSCURIDAD
01	WT	30	0	50650	OSCURIDAD
01	WT	180	1	50680	OSCURIDAD
01	WT	30	2	50860	OSCURIDAD
01	WT	260	1	50890	OSCURIDAD
01	WT	30	2	51150	OSCURIDAD
01	WT	75	0	51180	OSCURIDAD
01	WT	10	1	51255	OSCURIDAD
01	WT	85	2	51265	OSCURIDAD
01	WT	200	1	51350	OSCURIDAD
01	WT	45	0	51550	OSCURIDAD
01	WT	485	1	51595	OSCURIDAD
01	WT	105	0	52080	OSCURIDAD
01	WT	375	1	52185	OSCURIDAD
01	WT	745	0	52560	OSCURIDAD
01	WT	30	1	53305	OSCURIDAD
01	WT	1005	0	53335	OSCURIDAD
01	WT	1055	1	54340	OSCURIDAD
01	WT	85	0	55395	OSCURIDAD
01	WT	55	1	55480	OSCURIDAD
01	WT	65	0	55535	OSCURIDAD
01	WT	50	1	55600	OSCURIDAD
01	WT	140	0	55650	OSCURIDAD
01	WT	530	1	55790	OSCURIDAD
01	WT	40	0	56320	OSCURIDAD
01	WT	150	1	56360	OSCURIDAD
01	WT	1890	0	56510	OSCURIDAD
01	WT	105	1	58400	OSCURIDAD
01	WT	555	0	58505	OSCURIDAD
01	WT	495	1	59060	OSCURIDAD
01	WT	40	0	59555	OSCURIDAD
01	WT	115	2	59595	OSCURIDAD
01	WT	45	0	59710	LUZ
01	WT	450	1	59755	LUZ
01	WT	30	0	60205	LUZ
01	WT	135	1	60235	LUZ
01	WT	30	0	60370	LUZ
01	WT	615	1	60400	LUZ
01	WT	50	0	61015	LUZ
01	WT	30	2	61065	LUZ
01	WT	75	1	61095	LUZ
01	WT	45	0	61170	LUZ
01	WT	170	1	61215	LUZ
01	WT	55	0	61385	LUZ
01	WT	330	1	61440	LUZ
01	WT	110	0	61770	LUZ
01	WT	45	1	61880	LUZ
01	WT	110	0	61925	LUZ
01	WT	45	1	62035	LUZ
01	WT	385	0	62080	LUZ
01	WT	430	1	62465	LUZ
01	WT	35	0	62895	LUZ
01	WT	70	2	62930	LUZ
01	WT	355	1	63000	LUZ
01	WT	65	2	63355	LUZ
01	WT	955	1	63420	LUZ
01	WT	65	2	64375	LUZ
01	WT	425	1	64440	LUZ
01	WT	35	0	64865	LUZ
01	WT	95	1	64900	LUZ
01	WT	70	2	64995	LUZ
01	WT	45	0	65065	LUZ
01	WT	405	1	65110	LUZ
01	WT	80	0	65515	LUZ
01	WT	430	1	65595	LUZ
01	WT	55	0	66025	LUZ
01	WT	35	2	66080	LUZ
01	WT	425	0	66115	LUZ
01	WT	1040	1	66540	LUZ
01	WT	40	2	67580	LUZ
01	WT	30	0	67620	LUZ
01	WT	185	1	67650	LUZ
01	WT	30	2	67835	LUZ
01	WT	45	0	67865	LUZ
01	WT	880	1	67910	LUZ
01	WT	230	0	68790	LUZ
01	WT	50	1	69020	LUZ
01	WT	30	0	69070	LUZ
01	WT	55	1	69100	LUZ
01	WT	2125	0	69155	LUZ
01	WT	80	1	71280	LUZ
01	WT	50	0	71360	LUZ
01	WT	45	1	71410	LUZ
01	WT	35	0	71455	LUZ
01	WT	255	1	71490	LUZ
01	WT	45	0	71745	LUZ
01	WT	30	1	71790	LUZ
01	WT	35	0	71820	LUZ
01	WT	400	1	71855	LUZ
01	WT	30	0	72255	LUZ
01	WT	55	2	72285	LUZ
01	WT	265	1	72340	LUZ
01	WT	45	0	72605	LUZ
01	WT	10	1	72650	LUZ
01	WT	40	2	72660	LUZ
01	WT	330	1	72700	LUZ
01	WT	45	0	73030	LUZ
01	WT	85	2	73075	LUZ
01	WT	465	1	73160	LUZ
01	WT	30	0	73625	LUZ
01	WT	50	2	73655	LUZ
01	WT	545	1	73705	LUZ
01	WT	110	2	74250	LUZ
01	WT	30	0	74360	LUZ
01	WT	580	1	74390	LUZ
01	WT	40	0	74970	LUZ
01	WT	730	1	75010	LUZ
01	WT	145	2	75740	LUZ
01	WT	95	0	75885	LUZ
01	WT	740	1	75980	LUZ
01	WT	945	0	76720	LUZ
01	WT	40	1	77665	LUZ
01	WT	60	0	77705	LUZ
01	WT	40	1	77765	LUZ
01	WT	30	0	77805	LUZ
01	WT	120	1	77835	LUZ
01	WT	110	0	77955	LUZ
01	WT	50	1	78065	LUZ
01	WT	140	0	78115	LUZ
01	WT	100	1	78255	LUZ
01	WT	80	0	78355	LUZ
01	WT	110	1	78435	LUZ
01	WT	35	0	78545	LUZ
01	WT	85	1	78580	LUZ
01	WT	645	0	78665	LUZ
01	WT	40	1	79310	LUZ
01	WT	55	0	79350	LUZ
01	WT	305	1	79405	LUZ
01	WT	45	0	79710	LUZ
01	WT	60	1	79755	LUZ
01	WT	125	0	79815	LUZ
01	WT	30	1	79940	LUZ
01	WT	45	0	79970	LUZ
01	WT	55	1	80015	LUZ
01	WT	95	0	80070	LUZ
01	WT	60	1	80165	LUZ
01	WT	115	0	80225	LUZ
01	WT	30	1	80340	LUZ
01	WT	75	0	80370	LUZ
01	WT	245	1	80445	LUZ
01	WT	1155	0	80690	LUZ
01	WT	135	1	81845	LUZ
01	WT	30	0	81980	LUZ
01	WT	145	1	82010	LUZ
01	WT	275	0	82155	LUZ
01	WT	30	1	82430	LUZ
01	WT	390	0	82460	LUZ
01	WT	760	1	82850	LUZ
01	WT	85	0	83610	LUZ
01	WT	55	1	83695	LUZ
01	WT	320	0	83750	LUZ
01	WT	45	1	84070	LUZ
02	WT	945	0	0	OSCURIDAD
02	WT	690	1	945	OSCURIDAD
02	WT	615	0	1635	OSCURIDAD
02	WT	490	1	2250	OSCURIDAD
02	WT	70	2	2740	OSCURIDAD
02	WT	705	1	2810	OSCURIDAD
02	WT	120	2	3515	OSCURIDAD
02	WT	205	1	3635	OSCURIDAD
02	WT	45	0	3840	OSCURIDAD
02	WT	390	1	3885	OSCURIDAD
02	WT	100	2	4275	OSCURIDAD
02	WT	80	1	4375	OSCURIDAD
02	WT	80	2	4455	OSCURIDAD
02	WT	495	1	4535	OSCURIDAD
02	WT	40	0	5030	OSCURIDAD
02	WT	210	1	5070	OSCURIDAD
02	WT	1260	0	5280	OSCURIDAD
02	WT	30	1	6540	OSCURIDAD
02	WT	150	0	6570	OSCURIDAD
02	WT	110	1	6720	OSCURIDAD
02	WT	45	0	6830	OSCURIDAD
02	WT	405	1	6875	OSCURIDAD
02	WT	150	2	7280	OSCURIDAD
02	WT	1340	1	7430	OSCURIDAD
02	WT	105	0	8770	OSCURIDAD
02	WT	175	1	8875	OSCURIDAD
02	WT	95	0	9050	OSCURIDAD
02	WT	65	1	9145	OSCURIDAD
02	WT	585	0	9210	OSCURIDAD
02	WT	715	1	9795	OSCURIDAD
02	WT	1725	0	10510	OSCURIDAD
02	WT	45	1	12235	OSCURIDAD
02	WT	35	0	12280	OSCURIDAD
02	WT	225	1	12315	OSCURIDAD
02	WT	65	0	12540	OSCURIDAD
02	WT	370	1	12605	OSCURIDAD
02	WT	90	2	12975	OSCURIDAD
02	WT	100	0	13065	OSCURIDAD
02	WT	195	1	13165	OSCURIDAD
02	WT	90	0	13360	OSCURIDAD
02	WT	105	1	13450	OSCURIDAD
02	WT	870	0	13555	OSCURIDAD
02	WT	30	1	14425	OSCURIDAD
02	WT	125	0	14455	OSCURIDAD
02	WT	830	1	14580	OSCURIDAD
02	WT	60	2	15410	OSCURIDAD
02	WT	135	1	15470	OSCURIDAD
02	WT	45	0	15605	OSCURIDAD
02	WT	180	1	15650	OSCURIDAD
02	WT	30	0	15830	OSCURIDAD
02	WT	290	1	15860	OSCURIDAD
02	WT	30	0	16150	OSCURIDAD
02	WT	90	1	16180	OSCURIDAD
02	WT	35	0	16270	OSCURIDAD
02	WT	160	1	16305	OSCURIDAD
02	WT	45	0	16465	OSCURIDAD
02	WT	135	1	16510	OSCURIDAD
02	WT	1060	0	16645	OSCURIDAD
02	WT	45	1	17705	OSCURIDAD
02	WT	30	0	17750	OSCURIDAD
02	WT	215	1	17780	OSCURIDAD
02	WT	65	0	17995	OSCURIDAD
02	WT	325	1	18060	OSCURIDAD
02	WT	85	2	18385	OSCURIDAD
02	WT	700	1	18470	OSCURIDAD
02	WT	95	0	19170	OSCURIDAD
02	WT	340	1	19265	OSCURIDAD
02	WT	935	0	19605	OSCURIDAD
02	WT	30	1	20540	OSCURIDAD
02	WT	350	0	20570	OSCURIDAD
02	WT	240	1	20920	OSCURIDAD
02	WT	35	2	21160	OSCURIDAD
02	WT	280	1	21195	OSCURIDAD
02	WT	35	2	21475	OSCURIDAD
02	WT	200	1	21510	OSCURIDAD
02	WT	50	2	21710	OSCURIDAD
02	WT	40	1	21760	OSCURIDAD
02	WT	35	2	21800	OSCURIDAD
02	WT	315	1	21835	OSCURIDAD
02	WT	110	2	22150	OSCURIDAD
02	WT	85	0	22260	OSCURIDAD
02	WT	585	1	22345	OSCURIDAD
02	WT	35	0	22930	OSCURIDAD
02	WT	125	1	22965	OSCURIDAD
02	WT	80	2	23090	OSCURIDAD
02	WT	245	1	23170	OSCURIDAD
02	WT	105	2	23415	OSCURIDAD
02	WT	790	1	23520	OSCURIDAD
02	WT	160	2	24310	LUZ
02	WT	190	0	24470	LUZ
02	WT	1510	1	24660	LUZ
02	WT	45	0	26170	LUZ
02	WT	335	1	26215	LUZ
02	WT	45	0	26550	LUZ
02	WT	30	1	26595	LUZ
02	WT	965	0	26625	LUZ
02	WT	745	1	27590	LUZ
02	WT	55	0	28335	LUZ
02	WT	180	1	28390	LUZ
02	WT	85	2	28570	LUZ
02	WT	85	1	28655	LUZ
02	WT	30	0	28740	LUZ
02	WT	440	1	28770	LUZ
02	WT	125	2	29210	LUZ
02	WT	810	1	29335	LUZ
02	WT	40	2	30145	LUZ
02	WT	530	1	30185	LUZ
02	WT	1060	0	30715	LUZ
02	WT	270	1	31775	LUZ
02	WT	35	0	32045	LUZ
02	WT	160	1	32080	LUZ
02	WT	50	2	32240	LUZ
02	WT	585	1	32290	LUZ
02	WT	120	2	32875	LUZ
02	WT	635	1	32995	LUZ
02	WT	35	0	33630	LUZ
02	WT	145	1	33665	LUZ
02	WT	35	2	33810	LUZ
02	WT	145	1	33845	LUZ
02	WT	50	2	33990	LUZ
02	WT	410	1	34040	LUZ
02	WT	65	2	34450	LUZ
02	WT	55	0	34515	LUZ
02	WT	480	1	34570	LUZ
02	WT	100	2	35050	LUZ
02	WT	175	0	35150	LUZ
02	WT	50	1	35325	LUZ
02	WT	1240	0	35375	LUZ
02	WT	535	1	36615	LUZ
02	WT	55	2	37150	LUZ
02	WT	300	1	37205	LUZ
02	WT	65	2	37505	LUZ
02	WT	70	0	37570	LUZ
02	WT	605	1	37640	LUZ
02	WT	35	0	38245	LUZ
02	WT	100	1	38280	LUZ
02	WT	30	0	38380	LUZ
02	WT	175	1	38410	LUZ
02	WT	155	2	38585	LUZ
02	WT	90	0	38740	LUZ
02	WT	400	1	38830	LUZ
02	WT	40	0	39230	LUZ
02	WT	785	1	39270	LUZ
02	WT	55	0	40055	LUZ
02	WT	230	1	40110	LUZ
02	WT	55	2	40340	LUZ
02	WT	390	1	40395	LUZ
02	WT	420	0	40785	LUZ
02	WT	90	1	41205	LUZ
02	WT	555	0	41295	LUZ
02	WT	495	1	41850	LUZ
02	WT	70	2	42345	LUZ
02	WT	85	0	42415	LUZ
02	WT	450	1	42500	LUZ
02	WT	30	0	42950	LUZ
02	WT	670	1	42980	LUZ
02	WT	55	2	43650	LUZ
02	WT	95	0	43705	LUZ
02	WT	110	1	43800	LUZ
02	WT	935	0	43910	LUZ
02	WT	30	1	44845	LUZ
02	WT	555	0	44875	LUZ
02	WT	1255	1	45430	LUZ
02	WT	85	2	46685	LUZ
02	WT	710	1	46770	LUZ
02	WT	65	2	47480	LUZ
02	WT	350	1	47545	LUZ
02	WT	90	0	47895	LUZ
02	WT	545	1	47985	LUZ
02	WT	45	2	48530	LUZ
02	WT	565	1	48575	LUZ
02	WT	160	2	49140	LUZ
02	WT	35	0	49300	LUZ
02	WT	725	1	49335	LUZ
02	WT	1790	0	50060	LUZ
02	WT	420	1	51850	LUZ
02	WT	70	2	52270	LUZ
02	WT	75	1	52340	LUZ
02	WT	60	0	52415	LUZ
02	WT	405	1	52475	LUZ
02	WT	80	2	52880	LUZ
02	WT	340	1	52960	LUZ
02	WT	45	0	53300	LUZ
02	WT	380	1	53345	LUZ
02	WT	35	0	53725	LUZ
02	WT	150	1	53760	LUZ
02	WT	90	2	53910	LUZ
02	WT	45	0	54000	LUZ
02	WT	400	1	54045	LUZ
02	WT	85	2	54445	LUZ
02	WT	555	1	54530	LUZ
02	WT	345	0	55085	LUZ
02	WT	670	1	55430	LUZ
02	WT	115	2	56100	LUZ
02	WT	485	1	56215	LUZ
02	WT	35	2	56700	LUZ
02	WT	600	1	56735	LUZ
02	WT	1150	0	57335	LUZ
02	WT	35	1	58485	LUZ
02	WT	845	0	58520	LUZ
02	WT	520	1	59365	LUZ
02	WT	80	0	59885	LUZ
02	WT	50	1	59965	LUZ
02	WT	30	0	60015	LUZ
02	WT	1365	1	60045	LUZ
02	WT	185	0	61410	LUZ
02	WT	30	1	61595	LUZ
02	WT	1080	0	61625	LUZ
02	WT	265	1	62705	LUZ
02	WT	3235	0	62970	LUZ
02	WT	135	1	66205	LUZ
02	WT	110	0	66340	LUZ
02	WT	45	1	66450	LUZ
02	WT	1085	0	66495	OSCURIDAD
02	WT	100	1	67580	OSCURIDAD
02	WT	30	0	67680	OSCURIDAD
02	WT	500	1	67710	OSCURIDAD
02	WT	50	0	68210	OSCURIDAD
02	WT	610	1	68260	OSCURIDAD
02	WT	50	0	68870	OSCURIDAD
02	WT	55	1	68920	OSCURIDAD
02	WT	1535	0	68975	OSCURIDAD
02	WT	60	1	70510	OSCURIDAD
02	WT	120	0	70570	OSCURIDAD
02	WT	30	1	70690	OSCURIDAD
02	WT	555	0	70720	OSCURIDAD
02	WT	30	1	71275	OSCURIDAD
02	WT	960	0	71305	OSCURIDAD
02	WT	1360	1	72265	OSCURIDAD
02	WT	2335	0	73625	OSCURIDAD
02	WT	480	1	75960	OSCURIDAD
02	WT	110	2	76440	OSCURIDAD
02	WT	55	0	76550	OSCURIDAD
02	WT	1005	1	76605	OSCURIDAD
02	WT	30	0	77610	OSCURIDAD
02	WT	260	1	77640	OSCURIDAD
02	WT	50	0	77900	OSCURIDAD
02	WT	105	1	77950	OSCURIDAD
02	WT	2145	0	78055	OSCURIDAD
02	WT	95	1	80200	OSCURIDAD
02	WT	110	0	80295	OSCURIDAD
02	WT	615	1	80405	OSCURIDAD
02	WT	40	2	81020	OSCURIDAD
02	WT	680	1	81060	OSCURIDAD
02	WT	140	2	81740	OSCURIDAD
02	WT	35	0	81880	OSCURIDAD
02	WT	55	1	81915	OSCURIDAD
02	WT	75	0	81970	OSCURIDAD
02	WT	880	1	82045	OSCURIDAD
02	WT	55	0	82925	OSCURIDAD
02	WT	190	1	82980	OSCURIDAD
02	WT	50	2	83170	OSCURIDAD
02	WT	825	1	83220	OSCURIDAD
03	WT	315	1	0	LUZ
03	WT	365	0	315	LUZ
03	WT	110	1	680	LUZ
03	WT	1350	0	790	LUZ
03	WT	140	1	2140	LUZ
03	WT	70	0	2280	LUZ
03	WT	100	1	2350	LUZ
03	WT	1770	0	2450	LUZ
03	WT	115	1	4220	LUZ
03	WT	30	2	4335	LUZ
03	WT	30	0	4365	LUZ
03	WT	815	1	4395	LUZ
03	WT	70	0	5210	LUZ
03	WT	110	2	5280	LUZ
03	WT	50	0	5390	LUZ
03	WT	385	1	5440	LUZ
03	WT	30	0	5825	LUZ
03	WT	510	1	5855	LUZ
03	WT	730	0	6365	LUZ
03	WT	75	1	7095	LUZ
03	WT	40	2	7170	LUZ
03	WT	100	1	7210	LUZ
03	WT	90	0	7310	LUZ
03	WT	365	1	7400	LUZ
03	WT	40	2	7765	LUZ
03	WT	870	1	7805	LUZ
03	WT	145	2	8675	LUZ
03	WT	510	1	8820	LUZ
03	WT	30	0	9330	LUZ
03	WT	105	1	9360	LUZ
03	WT	165	2	9465	LUZ
03	WT	40	1	9630	LUZ
03	WT	65	2	9670	LUZ
03	WT	755	1	9735	LUZ
03	WT	80	2	10490	LUZ
03	WT	890	1	10570	LUZ
03	WT	130	2	11460	LUZ
03	WT	875	1	11590	LUZ
03	WT	1560	0	12465	LUZ
03	WT	595	1	14025	LUZ
03	WT	45	2	14620	LUZ
03	WT	520	1	14665	LUZ
03	WT	80	2	15185	LUZ
03	WT	265	1	15265	LUZ
03	WT	125	2	15530	LUZ
03	WT	85	1	15655	LUZ
03	WT	85	2	15740	LUZ
03	WT	950	1	15825	LUZ
03	WT	110	2	16775	LUZ
03	WT	40	1	16885	LUZ
03	WT	80	2	16925	LUZ
03	WT	525	1	17005	LUZ
03	WT	30	2	17530	LUZ
03	WT	2155	0	17560	LUZ
03	WT	170	1	19715	LUZ
03	WT	35	2	19885	LUZ
03	WT	340	1	19920	LUZ
03	WT	50	2	20260	LUZ
03	WT	200	1	20310	LUZ
03	WT	80	2	20510	LUZ
03	WT	250	1	20590	LUZ
03	WT	45	0	20840	LUZ
03	WT	520	1	20885	LUZ
03	WT	235	2	21405	LUZ
03	WT	165	0	21640	LUZ
03	WT	240	1	21805	LUZ
03	WT	105	2	22045	LUZ
03	WT	910	1	22150	LUZ
03	WT	100	2	23060	LUZ
03	WT	340	1	23160	LUZ
03	WT	40	0	23500	LUZ
03	WT	390	1	23540	LUZ
03	WT	110	2	23930	LUZ
03	WT	515	1	24040	LUZ
03	WT	30	2	24555	LUZ
03	WT	30	0	24585	LUZ
03	WT	170	1	24615	LUZ
03	WT	55	2	24785	LUZ
03	WT	235	1	24840	LUZ
03	WT	40	0	25075	LUZ
03	WT	115	2	25115	LUZ
03	WT	140	0	25230	LUZ
03	WT	630	1	25370	LUZ
03	WT	35	0	26000	LUZ
03	WT	200	1	26035	LUZ
03	WT	250	0	26235	LUZ
03	WT	90	1	26485	LUZ
03	WT	70	2	26575	LUZ
03	WT	15	1	26645	LUZ
03	WT	395	0	26660	LUZ
03	WT	30	2	27055	LUZ
03	WT	190	0	27085	LUZ
03	WT	670	1	27275	LUZ
03	WT	75	2	27945	LUZ
03	WT	65	0	28020	LUZ
03	WT	175	1	28085	LUZ
03	WT	40	0	28260	LUZ
03	WT	340	1	28300	LUZ
03	WT	65	2	28640	LUZ
03	WT	505	1	28705	LUZ
03	WT	1500	0	29210	LUZ
03	WT	140	1	30710	LUZ
03	WT	90	2	30850	LUZ
03	WT	150	1	30940	LUZ
03	WT	105	0	31090	LUZ
03	WT	120	2	31195	LUZ
03	WT	65	0	31315	LUZ
03	WT	960	1	31380	LUZ
03	WT	1045	0	32340	LUZ
03	WT	535	1	33385	LUZ
03	WT	30	0	33920	LUZ
03	WT	320	1	33950	LUZ
03	WT	35	0	34270	LUZ
03	WT	325	1	34305	LUZ
03	WT	950	0	34630	LUZ
03	WT	810	1	35580	LUZ
03	WT	70	2	36390	LUZ
03	WT	415	0	36460	LUZ
03	WT	30	1	36875	LUZ
03	WT	155	0	36905	LUZ
03	WT	1055	1	37060	LUZ
03	WT	595	0	38115	LUZ
03	WT	55	1	38710	LUZ
03	WT	30	0	38765	LUZ
03	WT	635	1	38795	LUZ
03	WT	65	2	39430	LUZ
03	WT	190	0	39495	LUZ
03	WT	10	1	39685	LUZ
03	WT	120	2	39695	LUZ
03	WT	5	1	39815	LUZ
03	WT	580	0	39820	LUZ
03	WT	725	1	40400	LUZ
03	WT	130	2	41125	LUZ
03	WT	615	1	41255	LUZ
03	WT	70	2	41870	LUZ
03	WT	335	1	41940	LUZ
03	WT	30	0	42275	LUZ
03	WT	65	1	42305	LUZ
03	WT	775	0	42370	LUZ
03	WT	10	1	43145	OSCURIDAD
03	WT	220	2	43155	OSCURIDAD
03	WT	5	1	43375	OSCURIDAD
03	WT	1270	0	43380	OSCURIDAD
03	WT	755	1	44650	OSCURIDAD
03	WT	130	2	45405	OSCURIDAD
03	WT	35	1	45535	OSCURIDAD
03	WT	30	2	45570	OSCURIDAD
03	WT	465	1	45600	OSCURIDAD
03	WT	115	2	46065	OSCURIDAD
03	WT	925	1	46180	OSCURIDAD
03	WT	40	2	47105	OSCURIDAD
03	WT	800	1	47145	OSCURIDAD
03	WT	50	2	47945	OSCURIDAD
03	WT	360	1	47995	OSCURIDAD
03	WT	65	2	48355	OSCURIDAD
03	WT	70	1	48420	OSCURIDAD
03	WT	30	0	48490	OSCURIDAD
03	WT	435	1	48520	OSCURIDAD
03	WT	30	0	48955	OSCURIDAD
03	WT	105	1	48985	OSCURIDAD
03	WT	2825	0	49090	OSCURIDAD
03	WT	1315	1	51915	OSCURIDAD
03	WT	40	0	53230	OSCURIDAD
03	WT	190	1	53270	OSCURIDAD
03	WT	2485	0	53460	OSCURIDAD
03	WT	40	1	55945	OSCURIDAD
03	WT	30	0	55985	OSCURIDAD
03	WT	335	1	56015	OSCURIDAD
03	WT	70	2	56350	OSCURIDAD
03	WT	515	1	56420	OSCURIDAD
03	WT	55	2	56935	OSCURIDAD
03	WT	325	1	56990	OSCURIDAD
03	WT	95	2	57315	OSCURIDAD
03	WT	685	1	57410	OSCURIDAD
03	WT	55	0	58095	OSCURIDAD
03	WT	30	1	58150	OSCURIDAD
03	WT	2360	0	58180	OSCURIDAD
03	WT	45	1	60540	OSCURIDAD
03	WT	30	2	60585	OSCURIDAD
03	WT	220	1	60615	OSCURIDAD
03	WT	105	2	60835	OSCURIDAD
03	WT	675	1	60940	OSCURIDAD
03	WT	30	2	61615	OSCURIDAD
03	WT	105	1	61645	OSCURIDAD
03	WT	30	0	61750	OSCURIDAD
03	WT	370	1	61780	OSCURIDAD
03	WT	100	2	62150	OSCURIDAD
03	WT	1410	1	62250	OSCURIDAD
03	WT	630	0	63660	OSCURIDAD
03	WT	10	1	64290	OSCURIDAD
03	WT	215	2	64300	OSCURIDAD
03	WT	10	1	64515	OSCURIDAD
03	WT	130	0	64525	OSCURIDAD
03	WT	55	2	64655	OSCURIDAD
03	WT	55	0	64710	OSCURIDAD
03	WT	105	2	64765	OSCURIDAD
03	WT	580	1	64870	OSCURIDAD
03	WT	140	2	65450	OSCURIDAD
03	WT	665	1	65590	OSCURIDAD
03	WT	35	2	66255	OSCURIDAD
03	WT	490	1	66290	OSCURIDAD
03	WT	50	2	66780	OSCURIDAD
03	WT	1080	1	66830	OSCURIDAD
03	WT	65	2	67910	OSCURIDAD
03	WT	985	1	67975	OSCURIDAD
03	WT	1110	0	68960	OSCURIDAD
03	WT	350	1	70070	OSCURIDAD
03	WT	110	2	70420	OSCURIDAD
03	WT	210	1	70530	OSCURIDAD
03	WT	35	0	70740	OSCURIDAD
03	WT	280	1	70775	OSCURIDAD
03	WT	45	2	71055	OSCURIDAD
03	WT	150	1	71100	OSCURIDAD
03	WT	135	0	71250	OSCURIDAD
03	WT	85	2	71385	OSCURIDAD
03	WT	300	1	71470	OSCURIDAD
03	WT	65	2	71770	OSCURIDAD
03	WT	25	1	71835	OSCURIDAD
03	WT	60	0	71860	OSCURIDAD
03	WT	225	1	71920	OSCURIDAD
03	WT	75	0	72145	OSCURIDAD
03	WT	130	1	72220	OSCURIDAD
03	WT	90	2	72350	OSCURIDAD
03	WT	760	1	72440	OSCURIDAD
03	WT	80	2	73200	OSCURIDAD
03	WT	760	1	73280	OSCURIDAD
03	WT	6180	0	74040	OSCURIDAD
03	WT	40	1	80220	OSCURIDAD
03	WT	35	0	80260	OSCURIDAD
03	WT	30	1	80295	OSCURIDAD
03	WT	35	0	80325	OSCURIDAD
03	WT	1265	1	80360	OSCURIDAD
03	WT	90	2	81625	OSCURIDAD
03	WT	135	1	81715	OSCURIDAD
03	WT	80	2	81850	OSCURIDAD
03	WT	10	1	81930	OSCURIDAD
03	WT	900	0	81940	OSCURIDAD
03	WT	90	1	82840	OSCURIDAD
03	WT	35	2	82930	OSCURIDAD
03	WT	50	1	82965	OSCURIDAD
03	WT	55	0	83015	OSCURIDAD
03	WT	275	1	83070	OSCURIDAD
03	WT	95	2	83345	OSCURIDAD
03	WT	735	1	83440	OSCURIDAD
03	WT	130	0	84175	OSCURIDAD
03	WT	45	1	84305	OSCURIDAD
03	WT	50	2	84350	OSCURIDAD
03	WT	10	1	84400	OSCURIDAD
03	WT	870	0	84410	OSCURIDAD
03	WT	10	1	85280	OSCURIDAD
03	WT	35	2	85290	OSCURIDAD
03	WT	5	1	85325	OSCURIDAD
03	WT	710	0	85330	OSCURIDAD
03	WT	25	1	86040	OSCURIDAD
03	WT	40	2	86065	OSCURIDAD
03	WT	15	1	86105	LUZ
05	WT	15	0	0	OSCURIDAD
05	WT	605	1	15	OSCURIDAD
05	WT	45	0	620	OSCURIDAD
05	WT	905	1	665	OSCURIDAD
05	WT	30	0	1570	OSCURIDAD
05	WT	85	1	1600	OSCURIDAD
05	WT	35	2	1685	OSCURIDAD
05	WT	25	1	1720	OSCURIDAD
05	WT	1095	0	1745	OSCURIDAD
05	WT	85	1	2840	OSCURIDAD
05	WT	3695	0	2925	OSCURIDAD
05	WT	65	1	6620	LUZ
05	WT	2510	0	6685	LUZ
05	WT	1050	1	9195	LUZ
05	WT	30	0	10245	LUZ
05	WT	840	1	10275	LUZ
05	WT	40	0	11115	LUZ
05	WT	40	2	11155	LUZ
05	WT	35	1	11195	LUZ
05	WT	55	2	11230	LUZ
05	WT	85	1	11285	LUZ
05	WT	30	0	11370	LUZ
05	WT	930	1	11400	LUZ
05	WT	70	0	12330	LUZ
05	WT	110	1	12400	LUZ
05	WT	170	0	12510	LUZ
05	WT	30	1	12680	LUZ
05	WT	310	0	12710	LUZ
05	WT	870	1	13020	LUZ
05	WT	35	0	13890	LUZ
05	WT	335	1	13925	LUZ
05	WT	150	2	14260	LUZ
05	WT	60	0	14410	LUZ
05	WT	655	1	14470	LUZ
05	WT	155	2	15125	LUZ
05	WT	95	0	15280	LUZ
05	WT	355	1	15375	LUZ
05	WT	100	0	15730	LUZ
05	WT	115	1	15830	LUZ
05	WT	330	0	15945	LUZ
05	WT	1430	1	16275	LUZ
05	WT	55	2	17705	LUZ
05	WT	10	1	17760	LUZ
05	WT	1170	0	17770	LUZ
05	WT	40	1	18940	LUZ
05	WT	475	0	18980	LUZ
05	WT	50	1	19455	LUZ
05	WT	310	0	19505	LUZ
05	WT	1070	1	19815	LUZ
05	WT	55	2	20885	LUZ
05	WT	315	0	20940	LUZ
05	WT	105	1	21255	LUZ
05	WT	30	0	21360	LUZ
05	WT	160	1	21390	LUZ
05	WT	55	0	21550	LUZ
05	WT	45	1	21605	LUZ
05	WT	790	0	21650	LUZ
05	WT	1620	1	22440	LUZ
05	WT	40	0	24060	LUZ
05	WT	645	1	24100	LUZ
05	WT	95	2	24745	LUZ
05	WT	20	1	24840	LUZ
05	WT	30	0	24860	LUZ
05	WT	1425	1	24890	LUZ
05	WT	155	2	26315	LUZ
05	WT	75	0	26470	LUZ
05	WT	545	1	26545	LUZ
05	WT	50	0	27090	LUZ
05	WT	575	1	27140	LUZ
05	WT	35	0	27715	LUZ
05	WT	500	1	27750	LUZ
05	WT	35	2	28250	LUZ
05	WT	915	1	28285	LUZ
05	WT	30	2	29200	LUZ
05	WT	30	0	29230	LUZ
05	WT	390	1	29260	LUZ
05	WT	30	2	29650	LUZ
05	WT	20	1	29680	LUZ
05	WT	755	0	29700	LUZ
05	WT	260	1	30455	LUZ
05	WT	100	0	30715	LUZ
05	WT	735	1	30815	LUZ
05	WT	30	2	31550	LUZ
05	WT	560	1	31580	LUZ
05	WT	60	2	32140	LUZ
05	WT	30	0	32200	LUZ
05	WT	65	2	32230	LUZ
05	WT	30	1	32295	LUZ
05	WT	125	2	32325	LUZ
05	WT	35	0	32450	LUZ
05	WT	260	1	32485	LUZ
05	WT	30	2	32745	LUZ
05	WT	70	1	32775	LUZ
05	WT	90	2	32845	LUZ
05	WT	195	1	32935	LUZ
05	WT	40	2	33130	LUZ
05	WT	355	1	33170	LUZ
05	WT	50	0	33525	LUZ
05	WT	1340	1	33575	LUZ
05	WT	150	2	34915	LUZ
05	WT	940	1	35065	LUZ
05	WT	55	0	36005	LUZ
05	WT	80	1	36060	LUZ
05	WT	30	0	36140	LUZ
05	WT	595	1	36170	LUZ
05	WT	50	2	36765	LUZ
05	WT	430	1	36815	LUZ
05	WT	35	0	37245	LUZ
05	WT	325	1	37280	LUZ
05	WT	105	0	37605	LUZ
05	WT	140	1	37710	LUZ
05	WT	35	0	37850	LUZ
05	WT	140	1	37885	LUZ
05	WT	95	0	38025	LUZ
05	WT	155	1	38120	LUZ
05	WT	50	0	38275	LUZ
05	WT	5	1	38325	LUZ
05	WT	110	2	38330	LUZ
05	WT	70	0	38440	LUZ
05	WT	435	1	38510	LUZ
05	WT	110	2	38945	LUZ
05	WT	450	1	39055	LUZ
05	WT	35	2	39505	LUZ
05	WT	1230	1	39540	LUZ
05	WT	50	0	40770	LUZ
05	WT	50	1	40820	LUZ
05	WT	65	2	40870	LUZ
05	WT	35	1	40935	LUZ
05	WT	40	2	40970	LUZ
05	WT	5	1	41010	LUZ
05	WT	70	0	41015	LUZ
05	WT	105	1	41085	LUZ
05	WT	195	0	41190	LUZ
05	WT	790	1	41385	LUZ
05	WT	45	0	42175	LUZ
05	WT	625	1	42220	LUZ
05	WT	45	0	42845	LUZ
05	WT	270	1	42890	LUZ
05	WT	1005	0	43160	LUZ
05	WT	155	1	44165	LUZ
05	WT	35	0	44320	LUZ
05	WT	750	1	44355	LUZ
05	WT	205	2	45105	LUZ
05	WT	565	1	45310	LUZ
05	WT	50	0	45875	LUZ
05	WT	85	1	45925	LUZ
05	WT	45	0	46010	LUZ
05	WT	75	1	46055	LUZ
05	WT	1290	0	46130	OSCURIDAD
05	WT	115	1	47420	OSCURIDAD
05	WT	270	0	47535	OSCURIDAD
05	WT	40	1	47805	OSCURIDAD
05	WT	50	0	47845	OSCURIDAD
05	WT	55	1	47895	OSCURIDAD
05	WT	1345	0	47950	OSCURIDAD
05	WT	80	1	49295	OSCURIDAD
05	WT	725	0	49375	OSCURIDAD
05	WT	125	1	50100	OSCURIDAD
05	WT	270	0	50225	OSCURIDAD
05	WT	55	1	50495	OSCURIDAD
05	WT	790	0	50550	OSCURIDAD
05	WT	120	1	51340	OSCURIDAD
05	WT	70	0	51460	OSCURIDAD
05	WT	40	1	51530	OSCURIDAD
05	WT	305	0	51570	OSCURIDAD
05	WT	45	1	51875	OSCURIDAD
05	WT	785	0	51920	OSCURIDAD
05	WT	105	1	52705	OSCURIDAD
05	WT	65	0	52810	OSCURIDAD
05	WT	170	1	52875	OSCURIDAD
05	WT	1070	0	53045	OSCURIDAD
05	WT	105	1	54115	OSCURIDAD
05	WT	90	0	54220	OSCURIDAD
05	WT	300	1	54310	OSCURIDAD
05	WT	75	0	54610	OSCURIDAD
05	WT	40	1	54685	OSCURIDAD
05	WT	60	0	54725	OSCURIDAD
05	WT	105	1	54785	OSCURIDAD
05	WT	1000	0	54890	OSCURIDAD
05	WT	50	1	55890	OSCURIDAD
05	WT	50	0	55940	OSCURIDAD
05	WT	95	1	55990	OSCURIDAD
05	WT	285	0	56085	OSCURIDAD
05	WT	40	1	56370	OSCURIDAD
05	WT	100	0	56410	OSCURIDAD
05	WT	325	1	56510	OSCURIDAD
05	WT	80	0	56835	OSCURIDAD
05	WT	55	1	56915	OSCURIDAD
05	WT	380	0	56970	OSCURIDAD
05	WT	65	1	57350	OSCURIDAD
05	WT	440	0	57415	OSCURIDAD
05	WT	115	1	57855	OSCURIDAD
05	WT	55	0	57970	OSCURIDAD
05	WT	250	1	58025	OSCURIDAD
05	WT	420	0	58275	OSCURIDAD
05	WT	275	1	58695	OSCURIDAD
05	WT	70	0	58970	OSCURIDAD
05	WT	210	1	59040	OSCURIDAD
05	WT	55	0	59250	OSCURIDAD
05	WT	75	1	59305	OSCURIDAD
05	WT	120	0	59380	OSCURIDAD
05	WT	160	1	59500	OSCURIDAD
05	WT	45	0	59660	OSCURIDAD
05	WT	220	1	59705	OSCURIDAD
05	WT	40	0	59925	OSCURIDAD
05	WT	30	1	59965	OSCURIDAD
05	WT	45	0	59995	OSCURIDAD
05	WT	80	1	60040	OSCURIDAD
05	WT	40	2	60120	OSCURIDAD
05	WT	130	1	60160	OSCURIDAD
05	WT	520	0	60290	OSCURIDAD
05	WT	705	1	60810	OSCURIDAD
05	WT	60	0	61515	OSCURIDAD
05	WT	745	1	61575	OSCURIDAD
05	WT	35	0	62320	OSCURIDAD
05	WT	95	1	62355	OSCURIDAD
05	WT	1415	0	62450	OSCURIDAD
05	WT	30	1	63865	OSCURIDAD
05	WT	400	0	63895	OSCURIDAD
05	WT	85	1	64295	OSCURIDAD
05	WT	30	0	64380	OSCURIDAD
05	WT	175	1	64410	OSCURIDAD
05	WT	30	0	64585	OSCURIDAD
05	WT	390	1	64615	OSCURIDAD
05	WT	45	2	65005	OSCURIDAD
05	WT	240	0	65050	OSCURIDAD
05	WT	835	1	65290	OSCURIDAD
05	WT	110	2	66125	OSCURIDAD
05	WT	30	0	66235	OSCURIDAD
05	WT	230	1	66265	OSCURIDAD
05	WT	30	0	66495	OSCURIDAD
05	WT	315	1	66525	OSCURIDAD
05	WT	35	2	66840	OSCURIDAD
05	WT	1000	1	66875	OSCURIDAD
05	WT	70	0	67875	OSCURIDAD
05	WT	55	1	67945	OSCURIDAD
05	WT	115	0	68000	OSCURIDAD
05	WT	555	1	68115	OSCURIDAD
05	WT	30	0	68670	OSCURIDAD
05	WT	20	1	68700	OSCURIDAD
05	WT	160	2	68720	OSCURIDAD
05	WT	45	0	68880	OSCURIDAD
05	WT	860	1	68925	OSCURIDAD
05	WT	2645	0	69785	OSCURIDAD
05	WT	45	1	72430	OSCURIDAD
05	WT	55	0	72475	OSCURIDAD
05	WT	250	1	72530	OSCURIDAD
05	WT	30	0	72780	OSCURIDAD
05	WT	70	1	72810	OSCURIDAD
05	WT	45	0	72880	OSCURIDAD
05	WT	35	1	72925	OSCURIDAD
05	WT	1240	0	72960	OSCURIDAD
05	WT	55	1	74200	OSCURIDAD
05	WT	270	0	74255	OSCURIDAD
05	WT	80	1	74525	OSCURIDAD
05	WT	115	0	74605	OSCURIDAD
05	WT	225	1	74720	OSCURIDAD
05	WT	110	0	74945	OSCURIDAD
05	WT	405	1	75055	OSCURIDAD
05	WT	90	0	75460	OSCURIDAD
05	WT	580	1	75550	OSCURIDAD
05	WT	165	0	76130	OSCURIDAD
05	WT	80	1	76295	OSCURIDAD
05	WT	105	0	76375	OSCURIDAD
05	WT	40	1	76480	OSCURIDAD
05	WT	775	0	76520	OSCURIDAD
05	WT	370	1	77295	OSCURIDAD
05	WT	430	0	77665	OSCURIDAD
05	WT	140	1	78095	OSCURIDAD
05	WT	35	0	78235	OSCURIDAD
05	WT	280	1	78270	OSCURIDAD
05	WT	45	2	78550	OSCURIDAD
05	WT	1020	0	78595	OSCURIDAD
05	WT	40	1	79615	OSCURIDAD
05	WT	645	0	79655	OSCURIDAD
05	WT	200	1	80300	OSCURIDAD
05	WT	385	0	80500	OSCURIDAD
05	WT	35	1	80885	OSCURIDAD
05	WT	115	0	80920	OSCURIDAD
05	WT	305	1	81035	OSCURIDAD
05	WT	75	0	81340	OSCURIDAD
05	WT	110	1	81415	OSCURIDAD
05	WT	70	0	81525	OSCURIDAD
05	WT	45	1	81595	OSCURIDAD
05	WT	85	0	81640	OSCURIDAD
05	WT	95	1	81725	OSCURIDAD
05	WT	80	0	81820	OSCURIDAD
05	WT	50	1	81900	OSCURIDAD
05	WT	70	0	81950	OSCURIDAD
05	WT	145	1	82020	OSCURIDAD
05	WT	30	0	82165	OSCURIDAD
05	WT	35	1	82195	OSCURIDAD
05	WT	45	0	82230	OSCURIDAD
05	WT	135	1	82275	OSCURIDAD
05	WT	100	0	82410	OSCURIDAD
05	WT	80	1	82510	OSCURIDAD
05	WT	55	0	82590	OSCURIDAD
05	WT	95	1	82645	OSCURIDAD
05	WT	55	0	82740	OSCURIDAD
05	WT	205	1	82795	OSCURIDAD
05	WT	55	0	83000	OSCURIDAD
05	WT	280	1	83055	OSCURIDAD
05	WT	35	0	83335	OSCURIDAD
05	WT	265	1	83370	OSCURIDAD
05	WT	255	0	83635	OSCURIDAD
05	WT	140	1	83890	OSCURIDAD
05	WT	340	0	84030	OSCURIDAD
05	WT	90	1	84370	OSCURIDAD
05	WT	230	0	84460	OSCURIDAD
05	WT	90	1	84690	OSCURIDAD
05	WT	75	0	84780	OSCURIDAD
05	WT	40	1	84855	OSCURIDAD
05	WT	80	0	84895	OSCURIDAD
05	WT	30	1	84975	OSCURIDAD
05	WT	80	0	85005	OSCURIDAD
05	WT	210	1	85085	OSCURIDAD
05	WT	115	0	85295	OSCURIDAD
05	WT	140	1	85410	OSCURIDAD
05	WT	45	0	85550	OSCURIDAD
05	WT	40	1	85595	OSCURIDAD
05	WT	45	0	85635	OSCURIDAD
05	WT	55	1	85680	OSCURIDAD
05	WT	415	0	85735	OSCURIDAD
05	WT	60	1	86150	OSCURIDAD
05	WT	35	0	86210	OSCURIDAD
05	WT	75	1	86245	OSCURIDAD
06	WT	2025	0	0	OSCURIDAD
06	WT	195	1	2025	OSCURIDAD
06	WT	30	0	2220	OSCURIDAD
06	WT	115	1	2250	OSCURIDAD
06	WT	240	0	2365	OSCURIDAD
06	WT	1120	1	2605	OSCURIDAD
06	WT	35	0	3725	OSCURIDAD
06	WT	75	1	3760	OSCURIDAD
06	WT	2005	0	3835	OSCURIDAD
06	WT	100	1	5840	OSCURIDAD
06	WT	1695	0	5940	OSCURIDAD
06	WT	85	1	7635	OSCURIDAD
06	WT	1255	0	7720	OSCURIDAD
06	WT	300	1	8975	LUZ
06	WT	110	2	9275	LUZ
06	WT	80	0	9385	LUZ
06	WT	480	1	9465	LUZ
06	WT	70	2	9945	LUZ
06	WT	5	1	10015	LUZ
06	WT	40	0	10020	LUZ
06	WT	685	1	10060	LUZ
06	WT	75	2	10745	LUZ
06	WT	30	0	10820	LUZ
06	WT	35	2	10850	LUZ
06	WT	100	0	10885	LUZ
06	WT	245	1	10985	LUZ
06	WT	220	0	11230	LUZ
06	WT	65	1	11450	LUZ
06	WT	45	0	11515	LUZ
06	WT	90	1	11560	LUZ
06	WT	45	0	11650	LUZ
06	WT	345	1	11695	LUZ
06	WT	60	2	12040	LUZ
06	WT	35	0	12100	LUZ
06	WT	860	1	12135	LUZ
06	WT	160	2	12995	LUZ
06	WT	80	0	13155	LUZ
06	WT	1015	1	13235	LUZ
06	WT	1370	0	14250	LUZ
06	WT	625	1	15620	LUZ
06	WT	115	2	16245	LUZ
06	WT	170	0	16360	LUZ
06	WT	495	1	16530	LUZ
06	WT	1610	0	17025	LUZ
06	WT	665	1	18635	LUZ
06	WT	100	2	19300	LUZ
06	WT	40	0	19400	LUZ
06	WT	820	1	19440	LUZ
06	WT	50	2	20260	LUZ
06	WT	30	0	20310	LUZ
06	WT	375	1	20340	LUZ
06	WT	890	0	20715	LUZ
06	WT	645	1	21605	LUZ
06	WT	1115	0	22250	LUZ
06	WT	115	1	23365	LUZ
06	WT	1255	0	23480	LUZ
06	WT	305	1	24735	LUZ
06	WT	140	2	25040	LUZ
06	WT	40	0	25180	LUZ
06	WT	740	1	25220	LUZ
06	WT	170	2	25960	LUZ
06	WT	265	0	26130	LUZ
06	WT	735	1	26395	LUZ
06	WT	30	0	27130	LUZ
06	WT	240	1	27160	LUZ
06	WT	140	2	27400	LUZ
06	WT	235	0	27540	LUZ
06	WT	795	1	27775	LUZ
06	WT	2135	0	28570	LUZ
06	WT	100	1	30705	LUZ
06	WT	700	0	30805	LUZ
06	WT	445	1	31505	LUZ
06	WT	45	2	31950	LUZ
06	WT	50	0	31995	LUZ
06	WT	315	1	32045	LUZ
06	WT	185	2	32360	LUZ
06	WT	45	0	32545	LUZ
06	WT	720	1	32590	LUZ
06	WT	160	2	33310	LUZ
06	WT	45	0	33470	LUZ
06	WT	860	1	33515	LUZ
06	WT	150	2	34375	LUZ
06	WT	55	0	34525	LUZ
06	WT	125	1	34580	LUZ
06	WT	210	0	34705	LUZ
06	WT	900	1	34915	LUZ
06	WT	35	0	35815	LUZ
06	WT	55	1	35850	LUZ
06	WT	1485	0	35905	LUZ
06	WT	60	1	37390	LUZ
06	WT	800	0	37450	LUZ
06	WT	45	1	38250	LUZ
06	WT	375	0	38295	LUZ
06	WT	245	1	38670	LUZ
06	WT	155	2	38915	LUZ
06	WT	70	0	39070	LUZ
06	WT	630	1	39140	LUZ
06	WT	70	0	39770	LUZ
06	WT	215	1	39840	LUZ
06	WT	50	0	40055	LUZ
06	WT	75	2	40105	LUZ
06	WT	310	0	40180	LUZ
06	WT	770	1	40490	LUZ
06	WT	115	2	41260	LUZ
06	WT	370	0	41375	LUZ
06	WT	245	1	41745	LUZ
06	WT	40	0	41990	LUZ
06	WT	150	1	42030	LUZ
06	WT	60	0	42180	LUZ
06	WT	175	1	42240	LUZ
06	WT	190	2	42415	LUZ
06	WT	220	0	42605	LUZ
06	WT	395	1	42825	LUZ
06	WT	40	0	43220	LUZ
06	WT	260	1	43260	LUZ
06	WT	105	2	43520	LUZ
06	WT	175	0	43625	LUZ
06	WT	315	1	43800	LUZ
06	WT	95	2	44115	LUZ
06	WT	100	0	44210	LUZ
06	WT	475	1	44310	LUZ
06	WT	145	2	44785	LUZ
06	WT	30	0	44930	LUZ
06	WT	950	1	44960	LUZ
06	WT	55	0	45910	LUZ
06	WT	195	1	45965	LUZ
06	WT	35	2	46160	LUZ
06	WT	40	0	46195	LUZ
06	WT	225	1	46235	LUZ
06	WT	1480	0	46460	LUZ
06	WT	275	1	47940	LUZ
06	WT	35	0	48215	LUZ
06	WT	250	1	48250	LUZ
06	WT	185	2	48500	LUZ
06	WT	45	0	48685	LUZ
06	WT	920	1	48730	LUZ
06	WT	335	0	49650	LUZ
06	WT	215	1	49985	LUZ
06	WT	1155	0	50200	OSCURIDAD
06	WT	85	1	51355	OSCURIDAD
06	WT	35	0	51440	OSCURIDAD
06	WT	505	1	51475	OSCURIDAD
06	WT	245	2	51980	OSCURIDAD
06	WT	45	0	52225	OSCURIDAD
06	WT	655	1	52270	OSCURIDAD
06	WT	1350	0	52925	OSCURIDAD
06	WT	70	1	54275	OSCURIDAD
06	WT	630	0	54345	OSCURIDAD
06	WT	130	1	54975	OSCURIDAD
06	WT	35	0	55105	OSCURIDAD
06	WT	455	1	55140	OSCURIDAD
06	WT	90	0	55595	OSCURIDAD
06	WT	155	1	55685	OSCURIDAD
06	WT	105	2	55840	OSCURIDAD
06	WT	175	1	55945	OSCURIDAD
06	WT	40	0	56120	OSCURIDAD
06	WT	695	1	56160	OSCURIDAD
06	WT	1650	0	56855	OSCURIDAD
06	WT	415	1	58505	OSCURIDAD
06	WT	90	2	58920	OSCURIDAD
06	WT	40	0	59010	OSCURIDAD
06	WT	265	1	59050	OSCURIDAD
06	WT	90	0	59315	OSCURIDAD
06	WT	365	1	59405	OSCURIDAD
06	WT	40	0	59770	OSCURIDAD
06	WT	335	1	59810	OSCURIDAD
06	WT	1800	0	60145	OSCURIDAD
06	WT	40	1	61945	OSCURIDAD
06	WT	90	0	61985	OSCURIDAD
06	WT	75	1	62075	OSCURIDAD
06	WT	60	0	62150	OSCURIDAD
06	WT	110	1	62210	OSCURIDAD
06	WT	40	0	62320	OSCURIDAD
06	WT	175	1	62360	OSCURIDAD
06	WT	105	2	62535	OSCURIDAD
06	WT	110	0	62640	OSCURIDAD
06	WT	40	1	62750	OSCURIDAD
06	WT	105	0	62790	OSCURIDAD
06	WT	525	1	62895	OSCURIDAD
06	WT	210	2	63420	OSCURIDAD
06	WT	50	0	63630	OSCURIDAD
06	WT	940	1	63680	OSCURIDAD
06	WT	45	2	64620	OSCURIDAD
06	WT	95	1	64665	OSCURIDAD
06	WT	50	0	64760	OSCURIDAD
06	WT	290	1	64810	OSCURIDAD
06	WT	135	2	65100	OSCURIDAD
06	WT	50	0	65235	OSCURIDAD
06	WT	240	1	65285	OSCURIDAD
06	WT	30	2	65525	OSCURIDAD
06	WT	50	1	65555	OSCURIDAD
06	WT	1430	0	65605	OSCURIDAD
06	WT	390	1	67035	OSCURIDAD
06	WT	1440	0	67425	OSCURIDAD
06	WT	695	1	68865	OSCURIDAD
06	WT	70	0	69560	OSCURIDAD
06	WT	165	1	69630	OSCURIDAD
06	WT	180	0	69795	OSCURIDAD
06	WT	30	1	69975	OSCURIDAD
06	WT	125	0	70005	OSCURIDAD
06	WT	160	1	70130	OSCURIDAD
06	WT	30	0	70290	OSCURIDAD
06	WT	135	1	70320	OSCURIDAD
06	WT	35	2	70455	OSCURIDAD
06	WT	35	0	70490	OSCURIDAD
06	WT	340	1	70525	OSCURIDAD
06	WT	135	2	70865	OSCURIDAD
06	WT	550	1	71000	OSCURIDAD
06	WT	60	2	71550	OSCURIDAD
06	WT	380	1	71610	OSCURIDAD
06	WT	110	0	71990	OSCURIDAD
06	WT	35	1	72100	OSCURIDAD
06	WT	1955	0	72135	OSCURIDAD
06	WT	45	1	74090	OSCURIDAD
06	WT	45	0	74135	OSCURIDAD
06	WT	445	1	74180	OSCURIDAD
06	WT	60	2	74625	OSCURIDAD
06	WT	325	1	74685	OSCURIDAD
06	WT	80	2	75010	OSCURIDAD
06	WT	75	0	75090	OSCURIDAD
06	WT	985	1	75165	OSCURIDAD
06	WT	125	2	76150	OSCURIDAD
06	WT	105	0	76275	OSCURIDAD
06	WT	285	1	76380	OSCURIDAD
06	WT	40	0	76665	OSCURIDAD
06	WT	355	1	76705	OSCURIDAD
06	WT	70	2	77060	OSCURIDAD
06	WT	30	0	77130	OSCURIDAD
06	WT	360	1	77160	OSCURIDAD
06	WT	125	2	77520	OSCURIDAD
06	WT	35	0	77645	OSCURIDAD
06	WT	425	1	77680	OSCURIDAD
06	WT	45	0	78105	OSCURIDAD
06	WT	210	1	78150	OSCURIDAD
06	WT	3395	0	78360	OSCURIDAD
06	WT	800	1	81755	OSCURIDAD
06	WT	105	2	82555	OSCURIDAD
06	WT	85	0	82660	OSCURIDAD
06	WT	1050	1	82745	OSCURIDAD
06	WT	60	2	83795	OSCURIDAD
06	WT	55	0	83855	OSCURIDAD
06	WT	95	1	83910	OSCURIDAD
06	WT	240	0	84005	OSCURIDAD
06	WT	595	1	84245	OSCURIDAD
06	WT	140	2	84840	OSCURIDAD
06	WT	110	0	84980	OSCURIDAD
06	WT	1025	1	85090	OSCURIDAD
06	WT	70	2	86115	OSCURIDAD
09	WT	235	0	0	OSCURIDAD
09	WT	40	1	235	OSCURIDAD
09	WT	630	0	275	OSCURIDAD
09	WT	40	1	905	OSCURIDAD
09	WT	495	0	945	OSCURIDAD
09	WT	515	1	1440	OSCURIDAD
09	WT	45	0	1955	OSCURIDAD
09	WT	265	1	2000	OSCURIDAD
09	WT	155	2	2265	OSCURIDAD
09	WT	545	1	2420	OSCURIDAD
09	WT	30	2	2965	OSCURIDAD
09	WT	335	1	2995	OSCURIDAD
09	WT	45	2	3330	OSCURIDAD
09	WT	165	1	3375	OSCURIDAD
09	WT	30	0	3540	OSCURIDAD
09	WT	415	1	3570	OSCURIDAD
09	WT	145	2	3985	OSCURIDAD
09	WT	380	1	4130	OSCURIDAD
09	WT	250	0	4510	OSCURIDAD
09	WT	60	2	4760	OSCURIDAD
09	WT	30	0	4820	OSCURIDAD
09	WT	1015	1	4850	OSCURIDAD
09	WT	135	2	5865	OSCURIDAD
09	WT	595	1	6000	OSCURIDAD
09	WT	35	2	6595	OSCURIDAD
09	WT	370	1	6630	OSCURIDAD
09	WT	135	2	7000	OSCURIDAD
09	WT	590	1	7135	OSCURIDAD
09	WT	55	2	7725	OSCURIDAD
09	WT	760	1	7780	OSCURIDAD
09	WT	80	0	8540	OSCURIDAD
09	WT	50	1	8620	OSCURIDAD
09	WT	870	0	8670	OSCURIDAD
09	WT	695	1	9540	OSCURIDAD
09	WT	90	2	10235	OSCURIDAD
09	WT	700	1	10325	OSCURIDAD
09	WT	1550	0	11025	OSCURIDAD
09	WT	45	1	12575	LUZ
09	WT	520	0	12620	LUZ
09	WT	70	1	13140	LUZ
09	WT	80	0	13210	LUZ
09	WT	45	1	13290	LUZ
09	WT	175	0	13335	LUZ
09	WT	130	1	13510	LUZ
09	WT	80	0	13640	LUZ
09	WT	30	2	13720	LUZ
09	WT	70	0	13750	LUZ
09	WT	40	1	13820	LUZ
09	WT	30	0	13860	LUZ
09	WT	165	1	13890	LUZ
09	WT	30	0	14055	LUZ
09	WT	105	1	14085	LUZ
09	WT	40	0	14190	LUZ
09	WT	845	1	14230	LUZ
09	WT	95	2	15075	LUZ
09	WT	525	1	15170	LUZ
09	WT	1075	0	15695	LUZ
09	WT	50	1	16770	LUZ
09	WT	1310	0	16820	LUZ
09	WT	835	1	18130	LUZ
09	WT	70	2	18965	LUZ
09	WT	40	0	19035	LUZ
09	WT	575	1	19075	LUZ
09	WT	35	2	19650	LUZ
09	WT	570	1	19685	LUZ
09	WT	40	0	20255	LUZ
09	WT	225	1	20295	LUZ
09	WT	130	2	20520	LUZ
09	WT	30	0	20650	LUZ
09	WT	65	1	20680	LUZ
09	WT	35	0	20745	LUZ
09	WT	640	1	20780	LUZ
09	WT	60	2	21420	LUZ
09	WT	100	0	21480	LUZ
09	WT	85	1	21580	LUZ
09	WT	30	0	21665	LUZ
09	WT	520	1	21695	LUZ
09	WT	65	2	22215	LUZ
09	WT	170	1	22280	LUZ
09	WT	30	0	22450	LUZ
09	WT	175	1	22480	LUZ
09	WT	35	0	22655	LUZ
09	WT	75	1	22690	LUZ
09	WT	1365	0	22765	LUZ
09	WT	65	1	24130	LUZ
09	WT	870	0	24195	LUZ
09	WT	35	1	25065	LUZ
09	WT	235	0	25100	LUZ
09	WT	120	1	25335	LUZ
09	WT	75	0	25455	LUZ
09	WT	410	1	25530	LUZ
09	WT	190	2	25940	LUZ
09	WT	1265	1	26130	LUZ
09	WT	130	2	27395	LUZ
09	WT	1135	1	27525	LUZ
09	WT	185	2	28660	LUZ
09	WT	1330	1	28845	LUZ
09	WT	1470	0	30175	LUZ
09	WT	70	1	31645	LUZ
09	WT	55	0	31715	LUZ
09	WT	30	1	31770	LUZ
09	WT	170	0	31800	LUZ
09	WT	1670	1	31970	LUZ
09	WT	110	2	33640	LUZ
09	WT	565	1	33750	LUZ
09	WT	130	2	34315	LUZ
09	WT	1145	1	34445	LUZ
09	WT	70	0	35590	LUZ
09	WT	45	1	35660	LUZ
09	WT	30	0	35705	LUZ
09	WT	660	1	35735	LUZ
09	WT	125	2	36395	LUZ
09	WT	940	1	36520	LUZ
09	WT	490	0	37460	LUZ
09	WT	65	1	37950	LUZ
09	WT	120	0	38015	LUZ
09	WT	695	1	38135	LUZ
09	WT	200	2	38830	LUZ
09	WT	30	0	39030	LUZ
09	WT	875	1	39060	LUZ
09	WT	140	2	39935	LUZ
09	WT	925	1	40075	LUZ
09	WT	45	2	41000	LUZ
09	WT	515	1	41045	LUZ
09	WT	30	0	41560	LUZ
09	WT	145	1	41590	LUZ
09	WT	490	0	41735	LUZ
09	WT	215	1	42225	LUZ
09	WT	235	0	42440	LUZ
09	WT	45	1	42675	LUZ
09	WT	30	0	42720	LUZ
09	WT	630	1	42750	LUZ
09	WT	185	2	43380	LUZ
09	WT	10	1	43565	LUZ
09	WT	55	0	43575	LUZ
09	WT	890	1	43630	LUZ
09	WT	70	2	44520	LUZ
09	WT	285	1	44590	LUZ
09	WT	30	0	44875	LUZ
09	WT	40	1	44905	LUZ
09	WT	40	0	44945	LUZ
09	WT	60	1	44985	LUZ
09	WT	105	0	45045	LUZ
09	WT	50	1	45150	LUZ
09	WT	60	0	45200	LUZ
09	WT	55	1	45260	LUZ
09	WT	165	0	45315	LUZ
09	WT	810	1	45480	LUZ
09	WT	80	2	46290	LUZ
09	WT	30	0	46370	LUZ
09	WT	545	1	46400	LUZ
09	WT	165	0	46945	LUZ
09	WT	110	1	47110	LUZ
09	WT	1280	0	47220	LUZ
09	WT	30	1	48500	LUZ
09	WT	230	0	48530	LUZ
09	WT	995	1	48760	LUZ
09	WT	90	2	49755	LUZ
09	WT	1370	1	49845	LUZ
09	WT	55	0	51215	LUZ
09	WT	240	1	51270	LUZ
09	WT	85	2	51510	LUZ
09	WT	30	0	51595	LUZ
09	WT	95	1	51625	LUZ
09	WT	30	0	51720	LUZ
09	WT	1125	1	51750	LUZ
09	WT	40	0	52875	LUZ
09	WT	575	1	52915	LUZ
09	WT	190	0	53490	LUZ
09	WT	30	1	53680	LUZ
09	WT	1305	0	53710	OSCURIDAD
09	WT	390	1	55015	OSCURIDAD
09	WT	60	0	55405	OSCURIDAD
09	WT	115	1	55465	OSCURIDAD
09	WT	30	0	55580	OSCURIDAD
09	WT	670	1	55610	OSCURIDAD
09	WT	105	2	56280	OSCURIDAD
09	WT	790	1	56385	OSCURIDAD
09	WT	1835	0	57175	OSCURIDAD
09	WT	90	1	59010	OSCURIDAD
09	WT	85	0	59100	OSCURIDAD
09	WT	50	1	59185	OSCURIDAD
09	WT	30	0	59235	OSCURIDAD
09	WT	35	1	59265	OSCURIDAD
09	WT	75	0	59300	OSCURIDAD
09	WT	1020	1	59375	OSCURIDAD
09	WT	95	2	60395	OSCURIDAD
09	WT	790	1	60490	OSCURIDAD
09	WT	40	0	61280	OSCURIDAD
09	WT	55	1	61320	OSCURIDAD
09	WT	2065	0	61375	OSCURIDAD
09	WT	45	1	63440	OSCURIDAD
09	WT	460	0	63485	OSCURIDAD
09	WT	290	1	63945	OSCURIDAD
09	WT	35	0	64235	OSCURIDAD
09	WT	105	1	64270	OSCURIDAD
09	WT	395	0	64375	OSCURIDAD
09	WT	60	1	64770	OSCURIDAD
09	WT	830	0	64830	OSCURIDAD
09	WT	120	1	65660	OSCURIDAD
09	WT	510	0	65780	OSCURIDAD
09	WT	60	1	66290	OSCURIDAD
09	WT	35	0	66350	OSCURIDAD
09	WT	380	1	66385	OSCURIDAD
09	WT	30	0	66765	OSCURIDAD
09	WT	840	1	66795	OSCURIDAD
09	WT	40	2	67635	OSCURIDAD
09	WT	435	1	67675	OSCURIDAD
09	WT	105	2	68110	OSCURIDAD
09	WT	1150	1	68215	OSCURIDAD
09	WT	50	0	69365	OSCURIDAD
09	WT	55	1	69415	OSCURIDAD
09	WT	2630	0	69470	OSCURIDAD
09	WT	135	1	72100	OSCURIDAD
09	WT	160	0	72235	OSCURIDAD
09	WT	80	1	72395	OSCURIDAD
09	WT	35	0	72475	OSCURIDAD
09	WT	65	1	72510	OSCURIDAD
09	WT	30	0	72575	OSCURIDAD
09	WT	95	1	72605	OSCURIDAD
09	WT	70	2	72700	OSCURIDAD
09	WT	70	0	72770	OSCURIDAD
09	WT	870	1	72840	OSCURIDAD
09	WT	120	2	73710	OSCURIDAD
09	WT	705	1	73830	OSCURIDAD
09	WT	40	2	74535	OSCURIDAD
09	WT	490	1	74575	OSCURIDAD
09	WT	65	2	75065	OSCURIDAD
09	WT	230	1	75130	OSCURIDAD
09	WT	90	0	75360	OSCURIDAD
09	WT	185	1	75450	OSCURIDAD
09	WT	1000	0	75635	OSCURIDAD
09	WT	35	1	76635	OSCURIDAD
09	WT	1535	0	76670	OSCURIDAD
09	WT	45	1	78205	OSCURIDAD
09	WT	420	0	78250	OSCURIDAD
09	WT	535	1	78670	OSCURIDAD
09	WT	45	2	79205	OSCURIDAD
09	WT	575	1	79250	OSCURIDAD
09	WT	200	2	79825	OSCURIDAD
09	WT	545	1	80025	OSCURIDAD
09	WT	50	2	80570	OSCURIDAD
09	WT	385	1	80620	OSCURIDAD
09	WT	70	2	81005	OSCURIDAD
09	WT	630	1	81075	OSCURIDAD
09	WT	225	2	81705	OSCURIDAD
09	WT	30	0	81930	OSCURIDAD
09	WT	945	1	81960	OSCURIDAD
09	WT	1060	0	82905	OSCURIDAD
09	WT	30	1	83965	OSCURIDAD
09	WT	1220	0	83995	OSCURIDAD
09	WT	40	1	85215	OSCURIDAD
09	WT	55	0	85255	OSCURIDAD
09	WT	750	1	85310	OSCURIDAD
09	WT	90	2	86060	OSCURIDAD
09	WT	135	0	86150	OSCURIDAD
12	WT	645	0	0	OSCURIDAD
12	WT	190	1	645	OSCURIDAD
12	WT	55	0	835	OSCURIDAD
12	WT	405	1	890	OSCURIDAD
12	WT	55	2	1295	OSCURIDAD
12	WT	65	0	1350	OSCURIDAD
12	WT	765	1	1415	OSCURIDAD
12	WT	1315	0	2180	OSCURIDAD
12	WT	395	1	3495	OSCURIDAD
12	WT	80	0	3890	OSCURIDAD
12	WT	160	1	3970	OSCURIDAD
12	WT	285	0	4130	OSCURIDAD
12	WT	105	1	4415	OSCURIDAD
12	WT	55	0	4520	OSCURIDAD
12	WT	280	1	4575	OSCURIDAD
12	WT	35	0	4855	OSCURIDAD
12	WT	290	1	4890	OSCURIDAD
12	WT	30	0	5180	OSCURIDAD
12	WT	85	1	5210	OSCURIDAD
12	WT	30	0	5295	OSCURIDAD
12	WT	75	1	5325	OSCURIDAD
12	WT	650	0	5400	OSCURIDAD
12	WT	40	1	6050	OSCURIDAD
12	WT	855	0	6090	OSCURIDAD
12	WT	275	1	6945	OSCURIDAD
12	WT	30	0	7220	OSCURIDAD
12	WT	365	1	7250	OSCURIDAD
12	WT	110	0	7615	OSCURIDAD
12	WT	355	1	7725	OSCURIDAD
12	WT	325	0	8080	OSCURIDAD
12	WT	240	1	8405	OSCURIDAD
12	WT	130	2	8645	OSCURIDAD
12	WT	10	1	8775	OSCURIDAD
12	WT	70	0	8785	OSCURIDAD
12	WT	35	1	8855	OSCURIDAD
12	WT	40	0	8890	OSCURIDAD
12	WT	100	1	8930	OSCURIDAD
12	WT	35	0	9030	OSCURIDAD
12	WT	55	1	9065	OSCURIDAD
12	WT	35	0	9120	OSCURIDAD
12	WT	325	1	9155	OSCURIDAD
12	WT	55	2	9480	OSCURIDAD
12	WT	15	1	9535	OSCURIDAD
12	WT	50	0	9550	OSCURIDAD
12	WT	30	2	9600	OSCURIDAD
12	WT	15	1	9630	OSCURIDAD
12	WT	60	0	9645	OSCURIDAD
12	WT	30	1	9705	OSCURIDAD
12	WT	125	0	9735	OSCURIDAD
12	WT	250	1	9860	OSCURIDAD
12	WT	185	0	10110	OSCURIDAD
12	WT	55	1	10295	OSCURIDAD
12	WT	50	0	10350	OSCURIDAD
12	WT	60	1	10400	OSCURIDAD
12	WT	60	0	10460	OSCURIDAD
12	WT	65	1	10520	OSCURIDAD
12	WT	50	2	10585	OSCURIDAD
12	WT	30	1	10635	OSCURIDAD
12	WT	45	0	10665	OSCURIDAD
12	WT	335	1	10710	OSCURIDAD
12	WT	35	2	11045	OSCURIDAD
12	WT	135	0	11080	OSCURIDAD
12	WT	195	1	11215	OSCURIDAD
12	WT	60	0	11410	OSCURIDAD
12	WT	190	1	11470	OSCURIDAD
12	WT	60	2	11660	OSCURIDAD
12	WT	15	1	11720	OSCURIDAD
12	WT	105	0	11735	OSCURIDAD
12	WT	20	1	11840	OSCURIDAD
12	WT	15	0	11860	OSCURIDAD
12	WT	65	1	11875	OSCURIDAD
12	WT	65	0	11940	OSCURIDAD
12	WT	65	1	12005	OSCURIDAD
12	WT	195	0	12070	OSCURIDAD
12	WT	80	1	12265	OSCURIDAD
12	WT	35	2	12345	OSCURIDAD
12	WT	50	1	12380	OSCURIDAD
12	WT	955	0	12430	OSCURIDAD
12	WT	180	1	13385	OSCURIDAD
12	WT	50	0	13565	OSCURIDAD
12	WT	500	1	13615	OSCURIDAD
12	WT	35	0	14115	OSCURIDAD
12	WT	95	1	14150	OSCURIDAD
12	WT	50	0	14245	OSCURIDAD
12	WT	110	1	14295	OSCURIDAD
12	WT	30	0	14405	OSCURIDAD
12	WT	350	1	14435	OSCURIDAD
12	WT	35	0	14785	OSCURIDAD
12	WT	5	1	14820	OSCURIDAD
12	WT	45	2	14825	OSCURIDAD
12	WT	40	1	14870	OSCURIDAD
12	WT	220	0	14910	OSCURIDAD
12	WT	130	1	15130	OSCURIDAD
12	WT	70	2	15260	OSCURIDAD
12	WT	305	0	15330	OSCURIDAD
12	WT	265	1	15635	OSCURIDAD
12	WT	30	0	15900	OSCURIDAD
12	WT	50	1	15930	OSCURIDAD
12	WT	90	0	15980	OSCURIDAD
12	WT	70	1	16070	OSCURIDAD
12	WT	70	0	16140	OSCURIDAD
12	WT	120	1	16210	OSCURIDAD
12	WT	115	0	16330	OSCURIDAD
12	WT	80	1	16445	OSCURIDAD
12	WT	55	0	16525	OSCURIDAD
12	WT	75	1	16580	OSCURIDAD
12	WT	60	0	16655	OSCURIDAD
12	WT	160	1	16715	OSCURIDAD
12	WT	40	2	16875	OSCURIDAD
12	WT	90	0	16915	OSCURIDAD
12	WT	145	1	17005	OSCURIDAD
12	WT	205	0	17150	OSCURIDAD
12	WT	40	1	17355	OSCURIDAD
12	WT	190	0	17395	OSCURIDAD
12	WT	30	2	17585	OSCURIDAD
12	WT	25	1	17615	OSCURIDAD
12	WT	240	0	17640	OSCURIDAD
12	WT	360	1	17880	OSCURIDAD
12	WT	50	0	18240	OSCURIDAD
12	WT	45	1	18290	OSCURIDAD
12	WT	60	0	18335	OSCURIDAD
12	WT	75	1	18395	OSCURIDAD
12	WT	95	0	18470	OSCURIDAD
12	WT	45	1	18565	OSCURIDAD
12	WT	65	0	18610	OSCURIDAD
12	WT	370	1	18675	OSCURIDAD
12	WT	50	0	19045	OSCURIDAD
12	WT	105	1	19095	OSCURIDAD
12	WT	5	0	19200	OSCURIDAD
12	WT	50	1	19205	OSCURIDAD
12	WT	60	2	19255	OSCURIDAD
12	WT	110	0	19315	OSCURIDAD
12	WT	30	1	19425	OSCURIDAD
12	WT	70	0	19455	OSCURIDAD
12	WT	480	1	19525	OSCURIDAD
12	WT	85	0	20005	OSCURIDAD
12	WT	90	2	20090	OSCURIDAD
12	WT	30	0	20180	OSCURIDAD
12	WT	60	1	20210	OSCURIDAD
12	WT	695	0	20270	OSCURIDAD
12	WT	85	1	20965	OSCURIDAD
12	WT	1035	0	21050	OSCURIDAD
12	WT	110	1	22085	OSCURIDAD
12	WT	115	0	22195	OSCURIDAD
12	WT	830	1	22310	OSCURIDAD
12	WT	60	0	23140	OSCURIDAD
12	WT	80	1	23200	OSCURIDAD
12	WT	435	0	23280	OSCURIDAD
12	WT	140	1	23715	OSCURIDAD
12	WT	45	0	23855	OSCURIDAD
12	WT	45	1	23900	OSCURIDAD
12	WT	40	0	23945	OSCURIDAD
12	WT	70	1	23985	OSCURIDAD
12	WT	65	0	24055	OSCURIDAD
12	WT	35	1	24120	OSCURIDAD
12	WT	65	0	24155	OSCURIDAD
12	WT	140	1	24220	OSCURIDAD
12	WT	75	0	24360	OSCURIDAD
12	WT	200	1	24435	OSCURIDAD
12	WT	135	0	24635	OSCURIDAD
12	WT	15	1	24770	OSCURIDAD
12	WT	190	2	24785	OSCURIDAD
12	WT	290	1	24975	OSCURIDAD
12	WT	75	0	25265	OSCURIDAD
12	WT	65	1	25340	OSCURIDAD
12	WT	80	0	25405	OSCURIDAD
12	WT	55	1	25485	OSCURIDAD
12	WT	60	0	25540	OSCURIDAD
12	WT	280	1	25600	OSCURIDAD
12	WT	30	0	25880	OSCURIDAD
12	WT	60	1	25910	OSCURIDAD
12	WT	40	0	25970	OSCURIDAD
12	WT	230	1	26010	OSCURIDAD
12	WT	70	0	26240	OSCURIDAD
12	WT	165	1	26310	OSCURIDAD
12	WT	115	0	26475	OSCURIDAD
12	WT	65	1	26590	OSCURIDAD
12	WT	30	0	26655	OSCURIDAD
12	WT	120	1	26685	OSCURIDAD
12	WT	45	0	26805	OSCURIDAD
12	WT	10	1	26850	OSCURIDAD
12	WT	35	2	26860	OSCURIDAD
12	WT	35	1	26895	OSCURIDAD
12	WT	45	0	26930	OSCURIDAD
12	WT	100	2	26975	OSCURIDAD
12	WT	280	1	27075	OSCURIDAD
12	WT	100	0	27355	OSCURIDAD
12	WT	65	1	27455	OSCURIDAD
12	WT	855	0	27520	OSCURIDAD
12	WT	200	1	28375	OSCURIDAD
12	WT	1350	0	28575	OSCURIDAD
12	WT	735	1	29925	OSCURIDAD
12	WT	45	2	30660	OSCURIDAD
12	WT	10	1	30705	OSCURIDAD
12	WT	60	0	30715	OSCURIDAD
12	WT	65	1	30775	OSCURIDAD
12	WT	30	0	30840	OSCURIDAD
12	WT	80	1	30870	OSCURIDAD
12	WT	80	0	30950	OSCURIDAD
12	WT	120	1	31030	OSCURIDAD
12	WT	40	0	31150	OSCURIDAD
12	WT	165	1	31190	OSCURIDAD
12	WT	65	0	31355	OSCURIDAD
12	WT	40	2	31420	OSCURIDAD
12	WT	135	0	31460	OSCURIDAD
12	WT	125	1	31595	OSCURIDAD
12	WT	50	0	31720	OSCURIDAD
12	WT	290	1	31770	OSCURIDAD
12	WT	55	2	32060	OSCURIDAD
12	WT	215	0	32115	OSCURIDAD
12	WT	5	1	32330	OSCURIDAD
12	WT	30	2	32335	OSCURIDAD
12	WT	85	0	32365	OSCURIDAD
12	WT	260	1	32450	OSCURIDAD
12	WT	1085	0	32710	OSCURIDAD
12	WT	80	1	33795	OSCURIDAD
12	WT	50	0	33875	OSCURIDAD
12	WT	285	1	33925	OSCURIDAD
12	WT	70	0	34210	OSCURIDAD
12	WT	140	1	34280	OSCURIDAD
12	WT	35	2	34420	OSCURIDAD
12	WT	1100	0	34455	OSCURIDAD
12	WT	90	1	35555	OSCURIDAD
12	WT	30	0	35645	OSCURIDAD
12	WT	100	1	35675	OSCURIDAD
12	WT	140	0	35775	OSCURIDAD
12	WT	200	1	35915	OSCURIDAD
12	WT	130	2	36115	OSCURIDAD
12	WT	15	1	36245	OSCURIDAD
12	WT	65	0	36260	OSCURIDAD
12	WT	145	1	36325	OSCURIDAD
12	WT	90	0	36470	OSCURIDAD
12	WT	185	1	36560	OSCURIDAD
12	WT	70	0	36745	OSCURIDAD
12	WT	35	1	36815	OSCURIDAD
12	WT	215	0	36850	OSCURIDAD
12	WT	55	1	37065	OSCURIDAD
12	WT	230	0	37120	OSCURIDAD
12	WT	40	1	37350	OSCURIDAD
12	WT	115	0	37390	OSCURIDAD
12	WT	200	1	37505	OSCURIDAD
12	WT	1080	0	37705	OSCURIDAD
12	WT	65	1	38785	OSCURIDAD
12	WT	230	0	38850	OSCURIDAD
12	WT	20	1	39080	OSCURIDAD
12	WT	35	2	39100	OSCURIDAD
12	WT	145	1	39135	OSCURIDAD
12	WT	145	0	39280	OSCURIDAD
12	WT	5	1	39425	OSCURIDAD
12	WT	60	2	39430	OSCURIDAD
12	WT	205	0	39490	OSCURIDAD
12	WT	40	1	39695	OSCURIDAD
12	WT	100	0	39735	OSCURIDAD
12	WT	65	1	39835	OSCURIDAD
12	WT	235	0	39900	OSCURIDAD
12	WT	215	1	40135	OSCURIDAD
12	WT	75	0	40350	OSCURIDAD
12	WT	125	1	40425	OSCURIDAD
12	WT	110	0	40550	OSCURIDAD
12	WT	130	1	40660	OSCURIDAD
12	WT	615	0	40790	OSCURIDAD
12	WT	35	1	41405	OSCURIDAD
12	WT	125	0	41440	OSCURIDAD
12	WT	30	2	41565	OSCURIDAD
12	WT	515	1	41595	OSCURIDAD
12	WT	40	0	42110	LUZ
12	WT	60	1	42150	LUZ
12	WT	60	2	42210	LUZ
12	WT	50	1	42270	LUZ
12	WT	30	2	42320	LUZ
12	WT	335	0	42350	LUZ
12	WT	25	1	42685	LUZ
12	WT	105	2	42710	LUZ
12	WT	85	1	42815	LUZ
12	WT	35	0	42900	LUZ
12	WT	100	1	42935	LUZ
12	WT	55	0	43035	LUZ
12	WT	90	1	43090	LUZ
12	WT	120	0	43180	LUZ
12	WT	110	1	43300	LUZ
12	WT	75	0	43410	LUZ
12	WT	315	1	43485	LUZ
12	WT	720	0	43800	LUZ
12	WT	50	1	44520	LUZ
12	WT	70	0	44570	LUZ
12	WT	25	1	44640	LUZ
12	WT	60	2	44665	LUZ
12	WT	30	1	44725	LUZ
12	WT	340	0	44755	LUZ
12	WT	155	1	45095	LUZ
12	WT	560	0	45250	LUZ
12	WT	800	1	45810	LUZ
12	WT	35	0	46610	LUZ
12	WT	155	1	46645	LUZ
12	WT	45	0	46800	LUZ
12	WT	145	1	46845	LUZ
12	WT	770	0	46990	LUZ
12	WT	15	1	47760	LUZ
12	WT	30	2	47775	LUZ
12	WT	55	1	47805	LUZ
12	WT	535	0	47860	LUZ
12	WT	55	1	48395	LUZ
12	WT	245	0	48450	LUZ
12	WT	85	1	48695	LUZ
12	WT	215	2	48780	LUZ
12	WT	20	1	48995	LUZ
12	WT	215	0	49015	LUZ
12	WT	180	1	49230	LUZ
12	WT	130	0	49410	LUZ
12	WT	15	1	49540	LUZ
12	WT	70	2	49555	LUZ
12	WT	20	1	49625	LUZ
12	WT	460	0	49645	LUZ
12	WT	60	1	50105	LUZ
12	WT	115	0	50165	LUZ
12	WT	55	1	50280	LUZ
12	WT	90	0	50335	LUZ
12	WT	290	1	50425	LUZ
12	WT	35	0	50715	LUZ
12	WT	35	1	50750	LUZ
12	WT	65	2	50785	LUZ
12	WT	25	1	50850	LUZ
12	WT	60	0	50875	LUZ
12	WT	205	1	50935	LUZ
12	WT	140	0	51140	LUZ
12	WT	25	1	51280	LUZ
12	WT	60	2	51305	LUZ
12	WT	60	0	51365	LUZ
12	WT	25	1	51425	LUZ
12	WT	25	0	51450	LUZ
12	WT	120	1	51475	LUZ
12	WT	65	0	51595	LUZ
12	WT	125	1	51660	LUZ
12	WT	40	0	51785	LUZ
12	WT	45	1	51825	LUZ
12	WT	65	0	51870	LUZ
12	WT	15	1	51935	LUZ
12	WT	115	2	51950	LUZ
12	WT	95	1	52065	LUZ
12	WT	50	0	52160	LUZ
12	WT	540	1	52210	LUZ
12	WT	40	0	52750	LUZ
12	WT	50	1	52790	LUZ
12	WT	840	0	52840	LUZ
12	WT	525	1	53680	LUZ
12	WT	60	2	54205	LUZ
12	WT	230	1	54265	LUZ
12	WT	60	0	54495	LUZ
12	WT	50	1	54555	LUZ
12	WT	45	0	54605	LUZ
12	WT	70	1	54650	LUZ
12	WT	65	0	54720	LUZ
12	WT	75	1	54785	LUZ
12	WT	210	0	54860	LUZ
12	WT	75	1	55070	LUZ
12	WT	270	0	55145	LUZ
12	WT	175	1	55415	LUZ
12	WT	30	2	55590	LUZ
12	WT	5	1	55620	LUZ
12	WT	50	0	55625	LUZ
12	WT	100	1	55675	LUZ
12	WT	165	0	55775	LUZ
12	WT	15	1	55940	LUZ
12	WT	45	2	55955	LUZ
12	WT	240	0	56000	LUZ
12	WT	35	1	56240	LUZ
12	WT	120	0	56275	LUZ
12	WT	60	1	56395	LUZ
12	WT	30	0	56455	LUZ
12	WT	40	1	56485	LUZ
12	WT	185	0	56525	LUZ
12	WT	35	1	56710	LUZ
12	WT	85	0	56745	LUZ
12	WT	225	1	56830	LUZ
12	WT	50	0	57055	LUZ
12	WT	65	1	57105	LUZ
12	WT	35	0	57170	LUZ
12	WT	20	1	57205	LUZ
12	WT	95	2	57225	LUZ
12	WT	130	0	57320	LUZ
12	WT	70	1	57450	LUZ
12	WT	30	0	57520	LUZ
12	WT	125	1	57550	LUZ
12	WT	35	0	57675	LUZ
12	WT	70	1	57710	LUZ
12	WT	75	0	57780	LUZ
12	WT	320	1	57855	LUZ
12	WT	30	2	58175	LUZ
12	WT	195	1	58205	LUZ
12	WT	1240	0	58400	LUZ
12	WT	595	1	59640	LUZ
12	WT	55	2	60235	LUZ
12	WT	410	1	60290	LUZ
12	WT	655	0	60700	LUZ
12	WT	655	1	61355	LUZ
12	WT	30	0	62010	LUZ
12	WT	65	1	62040	LUZ
12	WT	35	0	62105	LUZ
12	WT	105	1	62140	LUZ
12	WT	25	0	62245	LUZ
12	WT	20	1	62270	LUZ
12	WT	15	0	62290	LUZ
12	WT	30	1	62305	LUZ
12	WT	45	2	62335	LUZ
12	WT	105	0	62380	LUZ
12	WT	50	1	62485	LUZ
12	WT	310	0	62535	LUZ
12	WT	45	1	62845	LUZ
12	WT	575	0	62890	LUZ
12	WT	90	1	63465	LUZ
12	WT	45	0	63555	LUZ
12	WT	300	1	63600	LUZ
12	WT	65	0	63900	LUZ
12	WT	60	1	63965	LUZ
12	WT	110	2	64025	LUZ
12	WT	85	0	64135	LUZ
12	WT	260	1	64220	LUZ
12	WT	45	0	64480	LUZ
12	WT	700	1	64525	LUZ
12	WT	50	0	65225	LUZ
12	WT	60	1	65275	LUZ
12	WT	30	0	65335	LUZ
12	WT	45	1	65365	LUZ
12	WT	440	0	65410	LUZ
12	WT	405	1	65850	LUZ
12	WT	40	0	66255	LUZ
12	WT	65	1	66295	LUZ
12	WT	45	2	66360	LUZ
12	WT	240	0	66405	LUZ
12	WT	40	1	66645	LUZ
12	WT	45	2	66685	LUZ
12	WT	10	1	66730	LUZ
12	WT	855	0	66740	LUZ
12	WT	485	1	67595	LUZ
12	WT	20	0	68080	LUZ
12	WT	715	1	68100	LUZ
12	WT	45	2	68815	LUZ
12	WT	65	0	68860	LUZ
12	WT	120	1	68925	LUZ
12	WT	65	0	69045	LUZ
12	WT	330	1	69110	LUZ
12	WT	55	0	69440	LUZ
12	WT	40	1	69495	LUZ
12	WT	70	0	69535	LUZ
12	WT	30	2	69605	LUZ
12	WT	525	0	69635	LUZ
12	WT	30	1	70160	LUZ
12	WT	320	0	70190	LUZ
12	WT	65	1	70510	LUZ
12	WT	95	0	70575	LUZ
12	WT	95	1	70670	LUZ
12	WT	75	0	70765	LUZ
12	WT	305	1	70840	LUZ
12	WT	70	0	71145	LUZ
12	WT	75	1	71215	LUZ
12	WT	140	0	71290	LUZ
12	WT	15	1	71430	LUZ
12	WT	30	2	71445	LUZ
12	WT	70	0	71475	LUZ
12	WT	75	2	71545	LUZ
12	WT	350	1	71620	LUZ
12	WT	50	0	71970	LUZ
12	WT	515	1	72020	LUZ
12	WT	40	2	72535	LUZ
12	WT	395	0	72575	LUZ
12	WT	230	1	72970	LUZ
12	WT	105	0	73200	LUZ
12	WT	425	1	73305	LUZ
12	WT	120	2	73730	LUZ
12	WT	100	0	73850	LUZ
12	WT	35	1	73950	LUZ
12	WT	40	0	73985	LUZ
12	WT	50	1	74025	LUZ
12	WT	30	0	74075	LUZ
12	WT	335	1	74105	LUZ
12	WT	75	0	74440	LUZ
12	WT	15	1	74515	LUZ
12	WT	50	2	74530	LUZ
12	WT	325	1	74580	LUZ
12	WT	60	0	74905	LUZ
12	WT	45	1	74965	LUZ
12	WT	1315	0	75010	LUZ
12	WT	30	1	76325	LUZ
12	WT	100	0	76355	LUZ
12	WT	100	1	76455	LUZ
12	WT	45	0	76555	LUZ
12	WT	135	1	76600	LUZ
12	WT	75	0	76735	LUZ
12	WT	80	1	76810	LUZ
12	WT	345	0	76890	LUZ
12	WT	685	1	77235	LUZ
12	WT	45	0	77920	LUZ
12	WT	185	1	77965	LUZ
12	WT	80	0	78150	LUZ
12	WT	95	2	78230	LUZ
12	WT	80	0	78325	LUZ
12	WT	155	1	78405	LUZ
12	WT	35	0	78560	LUZ
12	WT	35	1	78595	LUZ
12	WT	165	0	78630	LUZ
12	WT	70	1	78795	LUZ
12	WT	65	0	78865	LUZ
12	WT	115	2	78930	LUZ
12	WT	55	0	79045	LUZ
12	WT	230	1	79100	LUZ
12	WT	110	0	79330	LUZ
12	WT	250	1	79440	LUZ
12	WT	30	0	79690	LUZ
12	WT	695	1	79720	LUZ
12	WT	800	0	80415	LUZ
12	WT	100	1	81215	LUZ
12	WT	145	0	81315	LUZ
12	WT	40	1	81460	LUZ
12	WT	95	0	81500	LUZ
12	WT	220	1	81595	LUZ
12	WT	220	0	81815	LUZ
12	WT	90	1	82035	LUZ
12	WT	785	0	82125	LUZ
12	WT	175	1	82910	LUZ
12	WT	45	0	83085	LUZ
12	WT	40	1	83130	LUZ
12	WT	40	0	83170	LUZ
12	WT	320	1	83210	LUZ
12	WT	35	0	83530	LUZ
12	WT	880	1	83565	LUZ
12	WT	35	0	84445	LUZ
12	WT	50	2	84480	LUZ
12	WT	200	0	84530	LUZ
12	WT	75	1	84730	LUZ
12	WT	55	0	84805	OSCURIDAD
12	WT	40	1	84860	OSCURIDAD
12	WT	145	0	84900	OSCURIDAD
12	WT	40	2	85045	OSCURIDAD
12	WT	200	0	85085	OSCURIDAD
12	WT	15	1	85285	OSCURIDAD
12	WT	55	2	85300	OSCURIDAD
12	WT	425	0	85355	OSCURIDAD
12	WT	60	1	85780	OSCURIDAD
12	WT	70	0	85840	OSCURIDAD
12	WT	190	1	85910	OSCURIDAD
12	WT	95	0	86100	OSCURIDAD
12	WT	30	1	86195	OSCURIDAD
12	WT	40	0	86225	OSCURIDAD
12	WT	95	1	86265	OSCURIDAD
13	WT	10	0	0	OSCURIDAD
13	WT	40	1	10	OSCURIDAD
13	WT	60	0	50	OSCURIDAD
13	WT	395	1	110	OSCURIDAD
13	WT	75	2	505	OSCURIDAD
13	WT	50	0	580	OSCURIDAD
13	WT	515	1	630	OSCURIDAD
13	WT	105	0	1145	OSCURIDAD
13	WT	95	1	1250	OSCURIDAD
13	WT	35	0	1345	OSCURIDAD
13	WT	115	1	1380	OSCURIDAD
13	WT	35	0	1495	OSCURIDAD
13	WT	115	1	1530	OSCURIDAD
13	WT	70	2	1645	OSCURIDAD
13	WT	125	0	1715	OSCURIDAD
13	WT	385	1	1840	OSCURIDAD
13	WT	30	0	2225	OSCURIDAD
13	WT	170	1	2255	OSCURIDAD
13	WT	60	0	2425	OSCURIDAD
13	WT	135	1	2485	OSCURIDAD
13	WT	85	0	2620	OSCURIDAD
13	WT	70	1	2705	OSCURIDAD
13	WT	165	2	2775	OSCURIDAD
13	WT	120	0	2940	OSCURIDAD
13	WT	35	1	3060	OSCURIDAD
13	WT	30	0	3095	OSCURIDAD
13	WT	175	1	3125	OSCURIDAD
13	WT	80	0	3300	OSCURIDAD
13	WT	205	1	3380	OSCURIDAD
13	WT	35	0	3585	OSCURIDAD
13	WT	255	1	3620	OSCURIDAD
13	WT	100	0	3875	OSCURIDAD
13	WT	200	1	3975	OSCURIDAD
13	WT	175	0	4175	OSCURIDAD
13	WT	110	1	4350	OSCURIDAD
13	WT	205	0	4460	OSCURIDAD
13	WT	280	1	4665	OSCURIDAD
13	WT	80	2	4945	OSCURIDAD
13	WT	55	0	5025	OSCURIDAD
13	WT	30	1	5080	OSCURIDAD
13	WT	50	0	5110	OSCURIDAD
13	WT	225	1	5160	OSCURIDAD
13	WT	30	0	5385	OSCURIDAD
13	WT	215	1	5415	OSCURIDAD
13	WT	555	0	5630	OSCURIDAD
13	WT	425	1	6185	OSCURIDAD
13	WT	30	0	6610	OSCURIDAD
13	WT	170	1	6640	OSCURIDAD
13	WT	480	0	6810	OSCURIDAD
13	WT	40	1	7290	OSCURIDAD
13	WT	80	0	7330	OSCURIDAD
13	WT	40	1	7410	OSCURIDAD
13	WT	65	0	7450	OSCURIDAD
13	WT	55	1	7515	OSCURIDAD
13	WT	505	0	7570	OSCURIDAD
13	WT	120	1	8075	OSCURIDAD
13	WT	55	0	8195	OSCURIDAD
13	WT	75	1	8250	OSCURIDAD
13	WT	30	0	8325	OSCURIDAD
13	WT	60	1	8355	OSCURIDAD
13	WT	30	0	8415	OSCURIDAD
13	WT	350	1	8445	OSCURIDAD
13	WT	45	0	8795	OSCURIDAD
13	WT	285	1	8840	OSCURIDAD
13	WT	65	2	9125	OSCURIDAD
13	WT	40	0	9190	OSCURIDAD
13	WT	90	2	9230	OSCURIDAD
13	WT	95	0	9320	OSCURIDAD
13	WT	750	1	9415	OSCURIDAD
13	WT	60	0	10165	OSCURIDAD
13	WT	335	1	10225	OSCURIDAD
13	WT	50	0	10560	OSCURIDAD
13	WT	75	1	10610	OSCURIDAD
13	WT	195	0	10685	OSCURIDAD
13	WT	425	1	10880	OSCURIDAD
13	WT	95	2	11305	OSCURIDAD
13	WT	165	0	11400	OSCURIDAD
13	WT	165	1	11565	OSCURIDAD
13	WT	40	0	11730	OSCURIDAD
13	WT	280	1	11770	OSCURIDAD
13	WT	55	0	12050	OSCURIDAD
13	WT	150	1	12105	OSCURIDAD
13	WT	45	0	12255	OSCURIDAD
13	WT	150	1	12300	OSCURIDAD
13	WT	160	2	12450	OSCURIDAD
13	WT	125	0	12610	OSCURIDAD
13	WT	900	1	12735	OSCURIDAD
13	WT	35	0	13635	OSCURIDAD
13	WT	205	1	13670	OSCURIDAD
13	WT	70	2	13875	OSCURIDAD
13	WT	50	0	13945	OSCURIDAD
13	WT	60	1	13995	OSCURIDAD
13	WT	30	0	14055	OSCURIDAD
13	WT	380	1	14085	OSCURIDAD
13	WT	70	0	14465	OSCURIDAD
13	WT	140	1	14535	OSCURIDAD
13	WT	55	0	14675	OSCURIDAD
13	WT	35	1	14730	OSCURIDAD
13	WT	50	0	14765	OSCURIDAD
13	WT	80	1	14815	OSCURIDAD
13	WT	60	0	14895	OSCURIDAD
13	WT	205	1	14955	OSCURIDAD
13	WT	60	0	15160	OSCURIDAD
13	WT	250	1	15220	OSCURIDAD
13	WT	135	2	15470	OSCURIDAD
13	WT	125	0	15605	OSCURIDAD
13	WT	200	1	15730	OSCURIDAD
13	WT	75	0	15930	OSCURIDAD
13	WT	210	1	16005	OSCURIDAD
13	WT	255	0	16215	OSCURIDAD
13	WT	60	1	16470	OSCURIDAD
13	WT	720	0	16530	OSCURIDAD
13	WT	425	1	17250	OSCURIDAD
13	WT	390	0	17675	OSCURIDAD
13	WT	150	1	18065	OSCURIDAD
13	WT	85	0	18215	OSCURIDAD
13	WT	120	1	18300	OSCURIDAD
13	WT	55	0	18420	OSCURIDAD
13	WT	75	1	18475	OSCURIDAD
13	WT	35	0	18550	OSCURIDAD
13	WT	95	1	18585	OSCURIDAD
13	WT	95	2	18680	OSCURIDAD
13	WT	70	0	18775	OSCURIDAD
13	WT	40	1	18845	OSCURIDAD
13	WT	35	0	18885	OSCURIDAD
13	WT	605	1	18920	OSCURIDAD
13	WT	65	2	19525	OSCURIDAD
13	WT	75	0	19590	OSCURIDAD
13	WT	90	1	19665	OSCURIDAD
13	WT	160	0	19755	OSCURIDAD
13	WT	140	1	19915	OSCURIDAD
13	WT	35	0	20055	OSCURIDAD
13	WT	210	1	20090	OSCURIDAD
13	WT	515	0	20300	OSCURIDAD
13	WT	70	1	20815	OSCURIDAD
13	WT	185	0	20885	OSCURIDAD
13	WT	90	1	21070	OSCURIDAD
13	WT	1225	0	21160	OSCURIDAD
13	WT	345	1	22385	OSCURIDAD
13	WT	30	0	22730	OSCURIDAD
13	WT	130	1	22760	OSCURIDAD
13	WT	95	2	22890	OSCURIDAD
13	WT	35	0	22985	OSCURIDAD
13	WT	305	1	23020	OSCURIDAD
13	WT	50	0	23325	OSCURIDAD
13	WT	665	1	23375	OSCURIDAD
13	WT	50	2	24040	OSCURIDAD
13	WT	30	0	24090	OSCURIDAD
13	WT	170	2	24120	OSCURIDAD
13	WT	690	1	24290	OSCURIDAD
13	WT	95	2	24980	OSCURIDAD
13	WT	615	1	25075	OSCURIDAD
13	WT	70	2	25690	OSCURIDAD
13	WT	95	1	25760	OSCURIDAD
13	WT	65	2	25855	OSCURIDAD
13	WT	30	0	25920	OSCURIDAD
13	WT	185	1	25950	OSCURIDAD
13	WT	70	0	26135	OSCURIDAD
13	WT	290	1	26205	OSCURIDAD
13	WT	170	2	26495	OSCURIDAD
13	WT	55	0	26665	OSCURIDAD
13	WT	580	1	26720	OSCURIDAD
13	WT	130	0	27300	OSCURIDAD
13	WT	110	1	27430	OSCURIDAD
13	WT	30	0	27540	OSCURIDAD
13	WT	695	1	27570	OSCURIDAD
13	WT	75	0	28265	OSCURIDAD
13	WT	135	1	28340	OSCURIDAD
13	WT	55	0	28475	OSCURIDAD
13	WT	80	1	28530	OSCURIDAD
13	WT	50	2	28610	OSCURIDAD
13	WT	115	0	28660	OSCURIDAD
13	WT	240	1	28775	OSCURIDAD
13	WT	40	0	29015	OSCURIDAD
13	WT	100	1	29055	OSCURIDAD
13	WT	65	0	29155	OSCURIDAD
13	WT	45	1	29220	OSCURIDAD
13	WT	30	0	29265	OSCURIDAD
13	WT	340	1	29295	OSCURIDAD
13	WT	35	0	29635	OSCURIDAD
13	WT	60	1	29670	OSCURIDAD
13	WT	75	0	29730	OSCURIDAD
13	WT	30	1	29805	OSCURIDAD
13	WT	330	0	29835	OSCURIDAD
13	WT	45	1	30165	OSCURIDAD
13	WT	295	0	30210	OSCURIDAD
13	WT	460	1	30505	OSCURIDAD
13	WT	240	0	30965	OSCURIDAD
13	WT	50	1	31205	OSCURIDAD
13	WT	675	0	31255	OSCURIDAD
13	WT	75	1	31930	OSCURIDAD
13	WT	200	0	32005	OSCURIDAD
13	WT	60	1	32205	OSCURIDAD
13	WT	95	0	32265	OSCURIDAD
13	WT	150	1	32360	OSCURIDAD
13	WT	100	2	32510	OSCURIDAD
13	WT	85	0	32610	OSCURIDAD
13	WT	795	1	32695	OSCURIDAD
13	WT	135	0	33490	OSCURIDAD
13	WT	320	1	33625	OSCURIDAD
13	WT	615	0	33945	OSCURIDAD
13	WT	600	1	34560	OSCURIDAD
13	WT	190	0	35160	OSCURIDAD
13	WT	60	1	35350	OSCURIDAD
13	WT	90	0	35410	OSCURIDAD
13	WT	40	1	35500	OSCURIDAD
13	WT	60	0	35540	OSCURIDAD
13	WT	195	1	35600	OSCURIDAD
13	WT	755	0	35795	OSCURIDAD
13	WT	90	1	36550	OSCURIDAD
13	WT	95	0	36640	OSCURIDAD
13	WT	445	1	36735	OSCURIDAD
13	WT	75	0	37180	OSCURIDAD
13	WT	60	1	37255	OSCURIDAD
13	WT	1455	0	37315	OSCURIDAD
13	WT	30	1	38770	LUZ
13	WT	65	0	38800	LUZ
13	WT	175	1	38865	LUZ
13	WT	115	0	39040	LUZ
13	WT	150	1	39155	LUZ
13	WT	105	2	39305	LUZ
13	WT	60	0	39410	LUZ
13	WT	290	1	39470	LUZ
13	WT	40	0	39760	LUZ
13	WT	75	1	39800	LUZ
13	WT	175	0	39875	LUZ
13	WT	150	1	40050	LUZ
13	WT	30	0	40200	LUZ
13	WT	175	1	40230	LUZ
13	WT	55	0	40405	LUZ
13	WT	85	1	40460	LUZ
13	WT	255	0	40545	LUZ
13	WT	50	1	40800	LUZ
13	WT	245	0	40850	LUZ
13	WT	45	1	41095	LUZ
13	WT	135	0	41140	LUZ
13	WT	90	1	41275	LUZ
13	WT	305	0	41365	LUZ
13	WT	40	1	41670	LUZ
13	WT	85	0	41710	LUZ
13	WT	90	1	41795	LUZ
13	WT	60	0	41885	LUZ
13	WT	190	1	41945	LUZ
13	WT	515	0	42135	LUZ
13	WT	60	1	42650	LUZ
13	WT	250	0	42710	LUZ
13	WT	570	1	42960	LUZ
13	WT	130	0	43530	LUZ
13	WT	55	1	43660	LUZ
13	WT	120	0	43715	LUZ
13	WT	530	1	43835	LUZ
13	WT	60	2	44365	LUZ
13	WT	270	1	44425	LUZ
13	WT	30	2	44695	LUZ
13	WT	65	0	44725	LUZ
13	WT	310	1	44790	LUZ
13	WT	75	2	45100	LUZ
13	WT	240	1	45175	LUZ
13	WT	35	2	45415	LUZ
13	WT	385	1	45450	LUZ
13	WT	105	2	45835	LUZ
13	WT	65	1	45940	LUZ
13	WT	35	0	46005	LUZ
13	WT	515	1	46040	LUZ
13	WT	170	2	46555	LUZ
13	WT	535	1	46725	LUZ
13	WT	50	0	47260	LUZ
13	WT	35	1	47310	LUZ
13	WT	35	0	47345	LUZ
13	WT	265	1	47380	LUZ
13	WT	120	2	47645	LUZ
13	WT	60	0	47765	LUZ
13	WT	235	1	47825	LUZ
13	WT	45	0	48060	LUZ
13	WT	65	1	48105	LUZ
13	WT	85	0	48170	LUZ
13	WT	280	1	48255	LUZ
13	WT	95	2	48535	LUZ
13	WT	5	1	48630	LUZ
13	WT	35	0	48635	LUZ
13	WT	175	1	48670	LUZ
13	WT	45	0	48845	LUZ
13	WT	235	1	48890	LUZ
13	WT	120	2	49125	LUZ
13	WT	40	0	49245	LUZ
13	WT	195	1	49285	LUZ
13	WT	50	2	49480	LUZ
13	WT	10	1	49530	LUZ
13	WT	35	0	49540	LUZ
13	WT	215	1	49575	LUZ
13	WT	45	2	49790	LUZ
13	WT	115	0	49835	LUZ
13	WT	350	1	49950	LUZ
13	WT	150	2	50300	LUZ
13	WT	40	0	50450	LUZ
13	WT	445	1	50490	LUZ
13	WT	80	2	50935	LUZ
13	WT	265	0	51015	LUZ
13	WT	40	1	51280	LUZ
13	WT	160	0	51320	LUZ
13	WT	320	1	51480	LUZ
13	WT	135	0	51800	LUZ
13	WT	680	1	51935	LUZ
13	WT	820	0	52615	LUZ
13	WT	45	1	53435	LUZ
13	WT	210	0	53480	LUZ
13	WT	55	1	53690	LUZ
13	WT	405	0	53745	LUZ
13	WT	480	1	54150	LUZ
13	WT	335	0	54630	LUZ
13	WT	70	1	54965	LUZ
13	WT	415	0	55035	LUZ
13	WT	435	1	55450	LUZ
13	WT	30	0	55885	LUZ
13	WT	355	1	55915	LUZ
13	WT	85	2	56270	LUZ
13	WT	85	0	56355	LUZ
13	WT	960	1	56440	LUZ
13	WT	40	0	57400	LUZ
13	WT	195	1	57440	LUZ
13	WT	155	2	57635	LUZ
13	WT	90	0	57790	LUZ
13	WT	590	1	57880	LUZ
13	WT	125	0	58470	LUZ
13	WT	540	1	58595	LUZ
13	WT	270	0	59135	LUZ
13	WT	60	1	59405	LUZ
13	WT	490	0	59465	LUZ
13	WT	40	1	59955	LUZ
13	WT	145	0	59995	LUZ
13	WT	260	1	60140	LUZ
13	WT	345	0	60400	LUZ
13	WT	45	1	60745	LUZ
13	WT	125	0	60790	LUZ
13	WT	75	1	60915	LUZ
13	WT	130	0	60990	LUZ
13	WT	55	1	61120	LUZ
13	WT	120	0	61175	LUZ
13	WT	285	1	61295	LUZ
13	WT	120	2	61580	LUZ
13	WT	40	0	61700	LUZ
13	WT	680	1	61740	LUZ
13	WT	115	2	62420	LUZ
13	WT	30	0	62535	LUZ
13	WT	500	1	62565	LUZ
13	WT	80	2	63065	LUZ
13	WT	30	0	63145	LUZ
13	WT	190	1	63175	LUZ
13	WT	60	0	63365	LUZ
13	WT	80	1	63425	LUZ
13	WT	40	0	63505	LUZ
13	WT	110	1	63545	LUZ
13	WT	205	2	63655	LUZ
13	WT	45	0	63860	LUZ
13	WT	475	1	63905	LUZ
13	WT	50	0	64380	LUZ
13	WT	535	1	64430	LUZ
13	WT	95	0	64965	LUZ
13	WT	85	1	65060	LUZ
13	WT	695	0	65145	LUZ
13	WT	60	1	65840	LUZ
13	WT	70	0	65900	LUZ
13	WT	40	1	65970	LUZ
13	WT	335	0	66010	LUZ
13	WT	380	1	66345	LUZ
13	WT	90	2	66725	LUZ
13	WT	35	0	66815	LUZ
13	WT	385	1	66850	LUZ
13	WT	55	0	67235	LUZ
13	WT	180	1	67290	LUZ
13	WT	30	2	67470	LUZ
13	WT	100	0	67500	LUZ
13	WT	75	1	67600	LUZ
13	WT	40	0	67675	LUZ
13	WT	255	1	67715	LUZ
13	WT	35	0	67970	LUZ
13	WT	170	1	68005	LUZ
13	WT	95	2	68175	LUZ
13	WT	45	0	68270	LUZ
13	WT	430	1	68315	LUZ
13	WT	35	0	68745	LUZ
13	WT	80	1	68780	LUZ
13	WT	40	0	68860	LUZ
13	WT	65	1	68900	LUZ
13	WT	50	0	68965	LUZ
13	WT	35	1	69015	LUZ
13	WT	775	0	69050	LUZ
13	WT	30	1	69825	LUZ
13	WT	235	0	69855	LUZ
13	WT	305	1	70090	LUZ
13	WT	115	2	70395	LUZ
13	WT	45	0	70510	LUZ
13	WT	345	1	70555	LUZ
13	WT	85	2	70900	LUZ
13	WT	630	1	70985	LUZ
13	WT	100	2	71615	LUZ
13	WT	600	1	71715	LUZ
13	WT	100	2	72315	LUZ
13	WT	40	0	72415	LUZ
13	WT	65	1	72455	LUZ
13	WT	575	0	72520	LUZ
13	WT	575	1	73095	LUZ
13	WT	100	0	73670	LUZ
13	WT	30	1	73770	LUZ
13	WT	135	0	73800	LUZ
13	WT	65	1	73935	LUZ
13	WT	285	0	74000	LUZ
13	WT	35	1	74285	LUZ
13	WT	240	0	74320	LUZ
13	WT	50	1	74560	LUZ
13	WT	55	0	74610	LUZ
13	WT	100	1	74665	LUZ
13	WT	105	0	74765	LUZ
13	WT	55	1	74870	LUZ
13	WT	50	0	74925	LUZ
13	WT	40	1	74975	LUZ
13	WT	405	0	75015	LUZ
13	WT	105	1	75420	LUZ
13	WT	50	0	75525	LUZ
13	WT	75	1	75575	LUZ
13	WT	40	0	75650	LUZ
13	WT	1130	1	75690	LUZ
13	WT	90	2	76820	LUZ
13	WT	95	0	76910	LUZ
13	WT	265	1	77005	LUZ
13	WT	60	2	77270	LUZ
13	WT	770	1	77330	LUZ
13	WT	180	0	78100	LUZ
13	WT	115	1	78280	LUZ
13	WT	260	0	78395	LUZ
13	WT	45	1	78655	LUZ
13	WT	1075	0	78700	LUZ
13	WT	35	1	79775	LUZ
13	WT	30	0	79810	LUZ
13	WT	90	1	79840	LUZ
13	WT	30	0	79930	LUZ
13	WT	250	1	79960	LUZ
13	WT	65	0	80210	LUZ
13	WT	200	1	80275	LUZ
13	WT	35	0	80475	LUZ
13	WT	760	1	80510	LUZ
13	WT	45	2	81270	LUZ
13	WT	15	1	81315	LUZ
13	WT	1050	0	81330	OSCURIDAD
13	WT	480	1	82380	OSCURIDAD
13	WT	35	0	82860	OSCURIDAD
13	WT	35	1	82895	OSCURIDAD
13	WT	40	0	82930	OSCURIDAD
13	WT	115	1	82970	OSCURIDAD
13	WT	85	2	83085	OSCURIDAD
13	WT	85	0	83170	OSCURIDAD
13	WT	150	1	83255	OSCURIDAD
13	WT	30	0	83405	OSCURIDAD
13	WT	610	1	83435	OSCURIDAD
13	WT	90	0	84045	OSCURIDAD
13	WT	540	1	84135	OSCURIDAD
13	WT	70	2	84675	OSCURIDAD
13	WT	35	0	84745	OSCURIDAD
13	WT	60	1	84780	OSCURIDAD
13	WT	55	0	84840	OSCURIDAD
13	WT	400	1	84895	OSCURIDAD
13	WT	40	2	85295	OSCURIDAD
13	WT	30	0	85335	OSCURIDAD
13	WT	35	1	85365	OSCURIDAD
13	WT	30	0	85400	OSCURIDAD
13	WT	380	1	85430	OSCURIDAD
13	WT	40	0	85810	OSCURIDAD
13	WT	365	1	85850	OSCURIDAD
13	WT	45	0	86215	OSCURIDAD
13	WT	145	1	86260	OSCURIDAD
